objno_deep2,z_pred
12011416,0.6135595750205388
12023279,0.8541447472754345
13017399,0.9735579925524763
12008131,0.4642775803854835
12003729,0.5854776027221044
12003313,1.1230062515682593
11021040,0.7063294740606799
13020559,0.8650012043507066
14029818,0.8122218782660399
13049159,0.6654790320368765
13026194,1.0722137343378686
13028427,0.7789892647234152
13035570,0.6666235287871526
13018058,0.3673277802932254
12005533,0.7139305053711129
12027865,1.1621379064926642
14028737,0.9333102791435388
13034892,0.8277225276848544
13058802,0.5833449502316875
13034266,0.7601368619970887
12015933,1.2769283047781128
13019356,0.8122218782660399
13043664,0.6639876795509017
13026703,0.8731833607931707
14034435,0.4310646009252294
11045189,0.501052437611306
12029430,0.44954574845487855
12020460,0.5191058973467101
11051190,0.5078359608781647
12020226,1.1350020236554144
13064313,0.9042931052840631
12029047,1.0354779043754399
13064464,0.6812215043639417
14024652,1.0904647598068642
14012814,0.8212599801785682
14021539,0.8212599801785682
13058710,0.45685358684242633
11027452,0.8227179038098054
13026761,0.7401552147600605
13055360,0.8050726581451043
12024872,0.9131517460057926
12021021,0.8122218782660399
11051962,0.35401028682842217
12027965,0.5440447263842599
13051672,0.8660436679450265
11032750,0.4544250503751687
13055272,0.7513885025242363
11101473,0.8460454541240446
11006363,0.8173062478953919
11034334,0.9256409588254916
11033434,0.37548976937971956
14028987,0.6449844574784517
12004729,1.006134987838882
14018493,0.6174742698061603
13020183,1.1119819780835214
13010247,1.0938549104431758
13003917,0.8122218782660399
12012294,1.0366402015078262
11051724,0.3222914819837204
13032491,0.7120050602726256
12101115,1.2935596320336833
12028825,0.7329266938232474
11040256,0.8973287370004626
14034601,1.1779657093971085
14023103,0.6064881808254621
11015202,0.3912609885599414
14011252,0.7108537101559828
12028457,0.5020182332003956
12007663,1.2242066478219327
14028119,1.1459010287488967
14007176,0.44839276144150203
12025109,1.159189984790857
14028452,0.689840517882034
11013937,0.6860316555294297
12017074,0.7316556214583495
14016678,1.113577233510951
14033288,0.4985415619324484
12029045,0.7122860865502079
13026732,0.9427900736569546
13027026,1.0930332627139179
13025375,0.8911292180013038
13012069,0.5017046152323967
12007621,0.7401228211192882
12016619,0.7888932176165349
12007683,0.9989857570040294
11045638,1.1139008347037356
13005509,0.38523045979389736
13032755,0.9655091826766382
12003637,1.002298397642641
12028626,0.8187018442135772
12032544,0.24061955419467326
14017935,0.7430803116882652
13040732,0.6400815751918348
11044620,0.24896197533066605
13034445,1.1149929579672642
13035996,1.0544693859304854
11051648,0.7692766179603057
11046508,0.43354866631886935
12024336,1.1559277058267254
13051230,0.3520437781784538
12009171,0.9830207423300662
12032532,1.0109035976793543
11007823,0.3034461192069972
14011560,1.1250863493385583
13019862,0.37784078116372743
13026080,0.8351381461790527
13035330,0.35693794489124564
12029226,0.9352798795682151
12012494,0.510317422079306
14018277,0.40358043973372115
13040940,1.1315689865306768
13034137,0.9150474380336665
12023760,0.31889272098302596
12028365,0.40538301364220486
11033809,1.0542025367153385
11045168,1.0696683048786204
12016592,0.49278542560785676
11007873,0.30447568782003065
13063785,0.6480034251138587
13011113,0.5664407009148757
14016865,0.7790330836147266
11045186,0.5206423425439056
14034659,0.4369542607690617
12024884,0.8068398624431121
12015938,1.058749185717956
14011284,0.7607491946762626
11031171,0.3045234258104213
13010923,0.7510746766376178
12008251,1.2055277901506767
13035874,0.9655867773293791
12012513,0.5440447263842599
13003434,0.6388002992695596
14018687,0.769330900438332
12005419,1.0976354910867283
13049865,0.638588494329493
12024755,1.0304609716219733
14006846,0.5101491447396064
14023227,0.5199438831000456
11027394,0.8660538972391209
11033559,0.4513256820149356
14006887,0.37270004805547413
12019713,0.3835260247504776
12019135,0.6584521442302658
13040908,0.5642214580527873
13101049,0.7052191761807234
11047070,0.5035403431176411
14016263,0.9428330563996413
13020587,0.18097733254736137
12012782,0.5004675902805016
12101118,0.7670203663853232
13020535,0.28046968898376295
12028551,0.7819598299704534
14012641,1.0863871589097556
13025271,0.7146166316222451
14006544,0.6070837680898569
13011059,0.755796825291173
13055576,0.8122218782660399
13025832,0.6361143149142288
12012068,0.7634622717456763
13063861,0.7956086086312425
11052736,0.4203098033867447
12012433,0.5033885189349114
14022965,1.0033016806521762
11046356,0.7498938100979529
14027841,0.4803577023245408
11014351,1.095988853137522
14034483,0.3016613872149229
12004443,0.689867390752835
12025024,0.9000837335127833
13010951,0.6632538177072123
13063832,1.2288836221891035
12024917,0.22331177330938676
11051726,0.8992898218725897
13057557,0.6998529082048317
14027397,0.7494313904763807
11044350,0.8356826622993199
12019902,1.2761382065281954
11044680,0.7734526649063891
13027445,0.32469597844247516
13017202,0.9104101210384942
12012794,0.6802290929275725
13027139,0.7749737129443629
12027358,1.0751322146033564
11040228,0.7547368305612686
11050883,0.8122218782660399
14100756,0.8212599801785682
14007996,0.5575335983690339
12023622,0.8122218782660399
13040065,0.7919336068952276
12100758,1.2157288682252188
12007196,0.6831288370293422
12015118,0.7426540540326616
13016341,0.7257353736580516
13056000,0.6785560320625104
13057505,0.9367812182111822
13003385,0.2892058801522138
11051235,0.5395327435861993
11038382,1.1975046787675148
12020279,0.9708979089291336
12025532,0.9002367227008695
13036413,0.39935121498276993
14006178,0.46096061717580084
13034499,0.7567117762001692
11019069,0.9344460194829382
14100805,1.1255359434379661
13100238,0.7574325289308269
14039621,0.2914648734188241
12100559,0.9374233110704887
14007400,1.00071639660423
13059034,0.3502415375688384
12100154,0.45646182347480563
13019398,0.904113015825681
13033760,1.280688890155058
12023941,1.2860755937028414
11050775,0.7867216749801462
12020615,0.35767178931531013
11040739,0.8579925525162556
14017067,0.7592089726364064
13064937,0.5027621577647761
13035084,1.338728191004199
12009094,0.3444048963346786
14028799,1.1084795831134118
11031579,0.8460454541240446
13055292,0.6082272691119338
13050924,1.0832275842774992
13100756,0.4293214127398325
11014390,0.9199026699297084
13063155,1.1499851846369333
13042393,0.8122218782660399
13018922,1.1902113899945044
13062953,0.9500088203875492
13057852,0.5429301624250066
14039955,0.6350323945044608
11051653,0.8433305786834805
11039583,0.24857480923787853
11020631,0.8401874712806962
12024894,0.23375344615401764
12029588,0.6343485475321715
13051092,0.6960079365051719
13009933,0.49546430128673014
13003269,1.035167759959513
13101295,1.0309480788830683
12016787,0.3141687895083764
14012587,0.9119899126780732
12024580,0.4056516751001029
12016281,0.4856096219943358
11046351,0.8309108168924325
14029107,0.6717124035316816
13056983,1.099725447445783
13012487,0.7830421493229424
14035145,0.25886860479671914
13004837,0.8122218782660399
13043436,1.005726219967797
12016347,0.4561565659378421
12011961,0.8212599801785682
14035098,1.1691447298949367
13036478,1.3114042024105022
11037772,0.8122218782660399
13032926,0.7504600234654764
12015392,0.8239986013713179
12008827,0.8765313806350282
13050172,0.5754165379203158
12020308,1.3000773860423178
12027772,0.9406526031651508
13010374,1.0647265781042727
12003792,0.6953608530588954
13018943,0.37329303960180754
12024858,0.325052562095551
14016974,0.5797639255529616
12028140,0.7629945851335147
12012326,0.39227034400342764
13063956,0.7531056624621709
11021273,0.952935346458336
11032910,0.9532332896378861
11026927,0.5037555999210835
13058766,0.42916413843611295
11026386,0.9960517685170607
13040203,0.8122218782660399
14100370,0.7825573379154552
12008510,0.285716964379301
12011295,0.5121350493250696
14012797,0.3997271148639716
12005047,0.8940128546056976
13009902,0.570807301489197
14027189,0.8575628364088886
13026154,0.8122218782660399
13004292,0.3368653281690979
12101094,1.320292117059895
11007848,0.30135744399128084
11047679,0.531446886128864
13035903,1.2306004907724803
13010896,0.8021595648436163
14006821,0.8741335278107994
11046473,0.6917468900704202
13064139,0.357098707265903
13024769,0.758964739816391
11046267,1.1554374124182216
12100759,0.969240144644174
13042361,0.90816006475391
12009037,0.6089824207753674
12012215,0.36577139957206395
14100096,0.8122218782660399
11031303,0.8904969048382365
13044266,0.7763052641918813
11044182,0.5197123197229875
12011668,0.8023548528451284
13101995,0.6182235342058782
14028429,0.3474611062842878
13049825,0.29187122750078276
13040741,0.39308277579135437
11038273,0.9663285959585677
12020063,0.5727256263736032
11021746,0.9139233275379516
12017388,0.8591585282599925
11026382,0.27226951068123995
12008911,1.1507595127892984
13063856,0.93956299191624
13026542,0.7591254145783071
11051499,0.9004378704056246
12011767,1.2019711487081493
13010099,0.6911564377029875
12003765,0.7507002337231623
13041676,0.21130135704621997
11032358,0.5716861636346395
13010254,1.2645786102331953
12025231,0.1900227226741019
13020230,0.7802698619556548
14016225,0.7404012815353419
12007511,0.902411668903061
12013238,0.5803774125408018
12015531,0.6021550066526664
12012064,0.4204989389836922
14017982,0.2967230747162488
14023644,1.1523567841859768
11039706,0.7023032884373704
13026112,0.3357516979765541
13033731,1.2489020531705617
12016719,0.6370295693033351
14023468,0.4637960073798223
12005125,0.7906089088010051
12019377,0.39301172986228916
12016150,0.6882452856249754
12028046,0.6597602941171027
12012559,1.1642314684519277
14012963,1.1043180251913034
11051533,0.7775325995410178
12009269,1.1830159854532274
13051539,0.3589949352658278
12029027,0.5731052222832462
11039432,0.8202923914513626
12027695,0.4746896695596246
12004487,0.4558083016594279
14039135,1.1761955783806637
13027790,0.7739569772162489
13017370,0.4198119058606991
13011979,1.2314341270921412
13004693,0.3213299222800725
13025009,1.2821620241217844
13033864,0.7650665360242893
13034747,0.8830534804128818
13040814,0.3583095294223136
13033966,1.2789718508430774
12003869,0.9694138687174848
13033885,0.6170484056896833
13009982,1.2048361400705203
12019800,0.765401404117344
11020734,0.38640958988986146
11021075,0.9035695215563297
11046514,0.8122218782660399
14012204,0.6637456984794167
13057879,0.8212599801785682
14034224,0.8122218782660399
13028039,0.9092453984800694
12003664,0.7918012886954677
14016307,0.6408252767715624
13049771,0.8830809372005911
11051167,1.271954821890574
12029472,0.7942657981891384
11013886,0.4276751621390114
13036008,0.6910185275404964
13018682,0.7524859462043432
13005066,0.5200873283870034
12020127,1.2357108400362475
11020588,0.7510647989866605
13041286,0.8218727457764731
13100543,0.9349792908763865
11045209,0.8384314232468444
14033631,0.5402502671968101
12027702,0.5048916399359238
14022469,1.1961144902202832
13010199,0.7959426187094659
13016870,1.162548872418851
13017686,0.698639633277855
13003318,1.143222432210493
11014349,0.9825447836551973
11026450,0.35620098343080275
13049736,0.7742061737228081
11021002,0.6569419131445975
12024928,0.48069988991942636
13027875,0.45939237231224544
14034709,1.02250207351634
11034271,0.8802402441339647
13058765,0.5752685823554122
12018990,0.7984656162975893
13058693,0.4812577997000883
12015966,1.1624577012279964
13033835,0.9639822210781471
14028474,0.5292218414803375
12019745,0.8019972058615749
11015228,0.4529928002856786
14022899,0.40238738023504345
12015949,1.1488053370238873
11027975,0.715016202805854
14006713,0.76488540512363
13033172,0.6945537514424991
13051879,1.264234606238025
13064904,0.6383576950400736
13032467,0.7658238070177612
11041347,0.1458354380361983
12016731,0.4867258604390463
13031815,0.8212599801785682
13048997,0.5249620549869206
11045934,0.8370073522115163
12017194,0.7235255768283119
11039139,0.9316974882170872
13035927,0.7599918779968027
11051236,0.4687616176504165
12020628,0.5405959650600468
12004687,0.9547658974921148
12013234,0.33876609155896764
12015626,0.9583470394308231
13024029,0.28787558190756257
14018476,0.6979163376251912
11012940,0.9487133055210871
13020619,0.44834611163842863
11039150,0.6599518447860636
12008513,1.0223610064176907
11038561,0.7688561806245325
14007987,0.5300690536929037
13026538,0.5591927046741425
11051984,0.9242950069488906
12020184,0.7648197489445634
11052755,0.26091562131940677
12024828,0.8122218782660399
11032739,0.2560823289016517
14002228,0.9701568534360254
13031821,0.8122218782660399
11045532,0.9748004152129909
11007749,1.116941847497207
11033882,0.479363702905397
13019247,0.9428385863426326
12024851,0.47015104651945616
11020606,0.9489932192648164
11052341,0.3426965999353929
13013039,0.9662018560073398
13059316,0.25741620820963956
14100807,0.8648411891876899
12028696,0.38535001370526656
13035862,0.7550271035036445
12020179,1.1636125467358065
12011891,0.5734167809659454
11026403,0.35275557476151453
11015296,0.5186847975658512
11033012,0.6464717899144893
11008311,0.7113358043924672
13017517,0.8212599801785682
11039902,0.783066999210185
12028731,0.793362981213742
13017296,0.5802008328323139
12028331,1.0574098825139682
13032515,0.38390100959595347
12007455,0.7205646837388865
13056258,0.4968531598588567
12024932,0.3575982987463768
11033623,0.8460454541240446
11050989,0.8565465142419487
12007472,1.0293306898042611
13012163,0.8131051311913734
12015255,0.7117235755320402
13010625,0.5163962053970215
12015814,0.5948583095532823
14100342,1.1652017720740184
13003388,1.0534697003307345
13048969,0.8703087233961171
11046928,0.45025026593086964
12100036,1.293695586190539
12023700,0.8131004829832555
12008851,0.9620312212919664
13016662,0.8122218782660399
13042073,0.6403157985965057
13003405,1.2692918603905547
14013108,0.3603231490950243
14027644,0.9679698801544527
11041293,1.1512963372529816
14023724,0.4857045506746069
13044269,0.8886690539062948
13024524,0.7270282764971318
11040834,0.33794214311327525
11018870,0.8122218782660399
11007393,0.5472287560476226
11021220,0.43411052054638083
11032831,0.7668712781369622
13056127,0.6266735929999556
13049747,0.7866992695261702
12015439,1.1024370660927463
13032344,1.1024320568226933
12015507,1.0405197754350872
13011789,1.2942348500957133
13049598,0.667316564284808
12016362,0.8897921946390006
13049899,0.8545819693237029
13026472,0.9107830355676374
14023658,0.785195666182613
13003400,0.940878644732236
12024044,0.99052231561186
11014382,0.9232700308162682
11014235,0.4627534311165757
12008575,0.6597301008479024
14033484,0.9089353397564067
11008352,0.6186467607027297
12025269,1.1710834889405228
13033105,1.049552745688573
12019339,1.118252681410452
14022415,0.3071104524405503
11026982,0.8227552095301313
14033134,1.03638771333733
13011072,0.780318244264999
12007424,0.8025960686328167
13010841,0.7564482485628704
12015560,0.5008370534138821
13056079,1.2326704015167231
11101590,0.4589162758780874
11039245,0.32774833159171274
12019186,0.5946902493557881
14027356,0.7594022305124343
13058245,1.1276271517480239
13049570,0.5916387351098293
13024765,0.661103948262089
13032747,0.9534682080343659
13018541,1.1190553419978009
12003550,0.9511272670511505
12027507,0.9044497782117217
13010561,1.1213042294890185
11032157,0.04392163955845463
11051004,0.5187574393691926
12003986,0.9807213128495184
11021749,1.2011506231461877
13051207,0.563063795642849
11026460,0.6307000148248255
13003821,0.7671222325280632
11052315,0.7929815946397512
13040189,0.39873706799747927
11051619,0.4399626272157552
13059429,1.1542044616858247
12005453,0.8586947819862601
12020726,0.37692708771812494
13063409,0.3294427060091511
13042383,0.7607083384674143
14034694,0.789680580488182
12020404,0.7595570279703886
12024843,0.8300830483594169
12015154,0.7206605356244327
14028559,0.6230308654642548
13042347,0.4800429294302682
14011956,1.1156321689627449
13058170,0.8031434346433829
13011794,0.916872253909037
13048177,0.6959697747099283
11021303,0.21580838686042225
13025646,0.401393428291559
14006211,0.5711904996495465
13010520,1.3456575023307158
14023283,0.9138781425483297
14018224,0.8217499666173103
12011520,0.3994063202563479
11038979,0.8374980253598934
12029890,0.4295728844411207
12016312,0.3755654662979031
14033265,0.5872725562340052
12005203,0.5349494479670215
11002200,0.25964060900567315
12016351,0.8319465509774953
14034206,0.9962191156731693
13040878,1.1187742856973755
13025520,0.8948715439215418
13041636,0.474503948869105
12019233,0.50229300664638
11047477,1.1180657752902763
13012404,0.7740440942328166
13059322,0.774920312704159
14013732,1.0310862537258325
14001836,0.7139717628542999
13010765,1.0785457340008546
14016642,0.858977668282136
13020598,0.3300331255605301
12024340,0.5169733445722833
12003490,0.5606334039265148
13041589,1.1235525114461034
14011077,0.866960353719288
11051906,0.4981185531878503
14100569,0.8212599801785682
14028497,1.029848946363541
14028048,0.8531821985604767
12008170,0.41833130198580937
13047725,0.24922426281573618
12012414,0.9562235621400508
11046499,0.6289313777197536
12004116,0.8708540932910404
14022382,0.47472863964539813
12024253,1.2006974370126577
12007934,0.7871224088961871
13063321,0.8047182426111787
13020524,1.2646236193077176
13026042,0.9409592161464545
11026861,0.9322705190310321
13033547,0.6255541012488384
14005496,0.774054513308626
12009337,0.41755610016639555
12009314,0.8122218782660399
13043565,0.33186268801490154
13034634,1.1185936627185922
11040794,0.7037634404518689
12024004,0.762443537814467
11051273,0.8122218782660399
12023331,0.3937367917437669
14021930,0.4930100946276385
13032193,0.34419018677133373
14013785,0.6164121705435763
13035249,0.9510156306801049
12011561,1.2963432334096425
12016407,0.7254975716992905
13010539,0.9319087692333
11032667,1.177454844681328
13033205,0.4725891136117286
14012216,0.35508872239294303
12020903,0.9597428293263673
11045907,0.8460454541240446
13003863,0.7774513858693115
13041633,0.7463878607356927
14016774,0.5153873770998777
14017658,1.1292081123913527
14021938,0.4266418442959763
13057447,0.6180958562374759
13027375,1.2094664251038643
13051176,1.0247339543410792
11045723,0.5068992815776492
13101020,0.7431435143798945
12101421,0.8122218782660399
13058241,0.5575688158200359
13027930,0.42740248090908906
12005326,1.145582184290419
13043083,0.7705903451036589
11037849,0.48841082679182196
13018986,1.0265138339575715
12003740,0.65433868758585
13009817,0.33769996319148554
13036568,1.3075881367752622
12019983,1.1278524199306648
13025410,0.5564236772780459
14039983,0.4988813925642776
13042412,0.8122218782660399
11032508,0.7170499882188811
12012065,1.044945816151887
13063490,0.47960134666011567
14024221,0.23576288221535646
13010991,0.9208870179808006
11051456,0.7981588403097067
11020672,0.8865772381847798
14100566,0.7275826760309294
13055074,1.1292312707314391
12017092,1.080076721695129
12024409,1.03060945870407
12020984,0.5118560756278607
13058800,0.41789768912408515
14034152,0.3726420554929907
13010107,1.1374888313382225
14012143,0.7245389777128851
12012170,0.6984493380931475
12005063,1.0196862072325508
11021284,0.7124554723493878
11039610,0.3383544689225534
11040153,1.044115579991896
11045655,0.825984466583621
13050238,0.2602628853763248
13017849,0.21409057241629054
13009718,0.6169655751044515
13019294,0.7990039848633361
13018673,0.5222280345018416
12021367,0.7646639668372851
12015681,0.6360363742824262
13059430,1.1199651645516118
12012425,1.2247657123396285
11026246,1.0110566542372983
13003612,0.5687697590995775
11013638,0.8496822467789933
11031881,0.6598609558214585
11007598,0.7248286692160525
12012218,0.6626274721076253
13033207,0.32970759580028963
12008715,0.7652242526302686
13059362,0.2417422571991575
11032332,0.8107386598226767
13050287,1.0698917717623018
12004417,0.6320450240754403
12020728,0.8122218782660399
13058822,0.5416342629705266
11034074,0.8423669807768449
13003141,1.0255653190356286
11027545,0.7655774637524104
11047036,0.19122172949871274
12016993,0.41775690363738116
13003874,0.6813621329780534
12012167,0.8122218782660399
14022769,0.9232561528969722
14006545,0.7176789315117409
13042722,0.8122218782660399
12029182,0.39040640293372125
12020346,0.6453400269364004
12024459,1.3479929773248474
12012031,0.7849229996742939
14012864,0.6620521962897664
12019627,0.9330117732681038
13018616,0.5850221029599956
12021344,0.8090570267164584
13010509,0.7256742884795011
13101170,1.0561947195184946
12016224,0.6850112133874309
12010897,1.2627473226095425
12019476,0.708791753227819
12009152,0.6983815925052796
11040071,0.8151622776113575
14100329,0.7275374934827489
14028097,0.5302202111331304
13033517,0.3844552900599583
13063753,0.7351913016693896
13004372,1.292183448489182
12027512,1.0985043938877865
12101131,1.1770658923142119
14039520,1.124717751027757
13063099,1.038983225223295
14006168,1.0027035257476002
13063594,0.7832121505843427
13033927,0.7288324375175291
11050699,1.0745199635451448
11052102,0.5706202555671042
13012401,1.0819718617401868
11026682,0.5172021666436348
14100307,0.7036882349851549
11031998,0.8213872062275194
13019070,0.8665588584195936
14016819,0.5868816359847309
14017053,1.0500933261806729
13055236,0.6374046663856536
13019090,1.316777702752372
12024189,0.26436145230998775
12007868,0.37329303960180754
14022599,0.89001041081457
13050489,0.5579563889842191
13025471,0.3164512575611484
14007118,0.36645204059109476
13003096,0.4456468247011326
12016968,0.3465239843435004
12008562,0.8278623360009454
12012205,1.1006201174384074
12024956,0.8122218782660399
12011463,0.7585062125174524
13043396,0.8594848044669173
13033209,1.2540858826615267
14033011,0.7768322137478686
11034314,0.8460454541240446
14006783,0.7786939758345901
13040217,1.1760501329564244
11027767,0.8460454541240446
13003731,1.1565214786285898
13019463,0.6867411774159801
12016659,1.072686562761754
11046444,1.0044592006451687
13026561,0.7508850556659595
12008005,0.9106147711187856
13063584,0.19012293718699447
11030927,0.8635303544505537
13012099,0.4182206136875559
11044540,0.5007563912687515
14028101,0.5646944407063689
13012362,1.2294072933816034
11026038,1.0912327778100175
11051146,0.6415161544875516
11052435,0.657325539618055
13064457,0.5725236955653517
12028801,1.0286323598540466
13003362,0.483018088640699
12024822,0.35455051228631895
11013240,1.1243895621886344
12020928,0.81162229965724
14016435,0.9612367767492955
13058168,0.8212599801785682
13049357,0.6889688744272167
11007845,0.30305993874351234
13012347,0.7575720728670327
12007512,0.869361516302184
11032123,0.39004852660887723
11025663,0.7540227057931345
13058748,0.5705631036606795
14100108,0.6353593521233305
11027927,0.5450468404724019
12027520,1.0579303730417011
13043501,0.4860750598682221
12025220,0.8122218782660399
11047092,0.5388154505468664
13027485,0.4629212524634409
13012000,1.1051110944907434
11028086,1.0737246346848863
12020913,0.8122218782660399
11052466,0.9504319995201979
12016880,1.1414397716015925
12101293,0.8122218782660399
13043507,0.9242432989214041
13036564,0.9654471429733661
12027454,0.30047691551589756
11051934,0.602741864594369
13042715,0.27407698181472223
14033660,1.0789405728536163
13057521,1.1519228154136814
12025039,0.8808326047082207
11040763,1.1029508023592425
12008464,1.1927301909031407
13025833,0.9636780082671348
12011955,0.9246081025269947
13027427,1.0811938985660576
13027281,0.9016564329632363
13056628,0.7416938380249564
11052576,0.49489666386291614
12020425,0.3066698753376839
11100374,1.0577331808942052
11037816,0.7513451735834787
12023914,0.9634414997009106
13051183,1.248550953762011
13058297,1.1822197275263322
11052294,1.0060212196013196
13033104,0.7732857105082115
11008329,0.744027857471337
11021773,0.7726852038562617
13050474,0.9238931164839636
11012985,0.3723535337866893
14007682,1.155638164783957
13051869,0.5238877954806567
13041554,0.8887677026381
12025417,0.7080907221802715
11020482,1.0916824728466321
12010920,1.213273936391368
14027566,0.4445648759770593
11039881,0.7433975811290547
13043718,1.004765482081071
13033035,0.7483339436442364
13012392,0.434273306964197
13021141,0.8174691950997828
11044664,1.0863677277383716
13056822,0.8721544766270446
13049178,0.6047376346984086
13050352,0.5488675661890166
11038571,0.9204448989711925
14012838,0.7023854525539851
14018310,0.5729144005194501
13025674,0.7851126472307659
12003927,0.7709659288878413
14023705,0.7439257496105852
11026348,0.7702360607321566
12007906,0.43630971255353485
13010404,0.6512224060825257
13003595,0.5720401027574133
11021771,0.3693388920139075
12021446,0.8622354759906206
12008622,0.8122218782660399
14017529,0.7387653547256745
12012313,0.7248449262084646
11013893,0.3370487521111592
13050886,1.2065911326220278
12011483,0.506878901659169
11022326,1.0372791952420204
12021357,1.2828645725661676
13049885,0.5315978593584629
14012084,1.1995027886248797
11028367,0.5078850905227323
14021422,0.6522203580112136
12004864,1.278177422020262
14016679,0.7390360887386535
12019248,0.7635425976932994
13043720,0.32657177520998876
13033093,0.7611534030169449
14007156,0.28605009681608146
13025995,1.0803825636161628
14100268,0.7324324522502191
14028513,0.18048713118248116
13027630,1.014687189280602
13041591,0.6795169459946636
12011927,1.296097408373053
12016524,1.286116985346642
12008515,0.47892857088224206
13040789,1.179168570043479
13043535,0.967170864967558
12004848,0.4884386356516621
14012388,1.2310368283735436
13025443,0.8122218782660399
13051218,0.754903469264163
11034385,0.5777272110143545
12029293,0.9349792908763865
11038526,0.6310631906610371
12028425,0.5191545016876705
14023101,1.0295412429107822
11037962,0.8370073522115163
13019123,0.354131211770937
13064852,0.8514250834832707
13055266,0.4792767319903387
13048210,0.8629123565820765
13040136,0.5574980996250585
11046480,0.9881001174143573
14007392,0.6148332517345471
13004268,0.7853677519910652
13010919,0.871306758688303
12025577,0.7378739091202947
12015980,1.0982540097743996
12020493,1.0585450006436052
13033177,0.741820256111053
12003894,0.46924059513721295
13034516,0.7448696209772382
12027331,1.1933569769773513
13032433,0.1713104697077256
13048303,0.9352452854192713
14027864,0.4673095470113185
14027414,0.779721703882327
13018527,0.36607828837612
12021033,1.2086831874106203
13034655,0.7707325689574629
14017027,0.4792019914375335
11044311,0.7677778288432672
13041658,0.6442743398116026
12012297,0.592659321531387
13051197,0.3261901479329862
12023343,0.7740440942328166
12012439,0.9709915701446229
14017438,1.3090316839441722
11027000,0.7832110448844861
13017974,0.7772173362895791
13064888,0.4307435030065112
13011931,1.0819336489295293
12025287,0.7048522733898605
14022420,1.0805958698927258
14027309,0.5623222039827602
12009206,0.9197883782507531
12012333,0.8970662352062482
12016585,0.9361615301230265
13027743,0.6837686941350585
13050930,0.9631197773707887
12024014,1.2268831608961746
13049853,0.8093256542035596
13009613,0.27247438043255506
13043393,1.1208691973867462
11020232,0.5979945318300992
11052077,0.48906644120759746
13050348,0.6903922039022908
13018388,0.30273998579653305
11051794,0.873328151147396
13025574,1.115289248358501
12024912,1.0801363228470604
13010525,0.572128695167054
11045551,0.46360639825891087
13064634,0.9615831098172475
11025850,1.0247133671595432
13057425,0.7248033707370064
12027607,0.9369967732925804
13027082,0.8893860034586392
12028272,0.4455833781123705
14022946,1.0484577652958857
13056850,0.32137007561886627
13049221,1.551181804796829
11044658,1.2648791935624555
12008115,0.9187040104137404
12008130,1.2078521961277338
13042944,0.7073392293252971
13024761,0.8122218782660399
12023686,1.2815245740451593
13032333,0.8365068116183711
13011894,0.7705363743496625
11044961,0.4885465465238336
14017985,0.27586101984832023
13051222,0.49161582194556736
14012303,0.36880380223685083
12008181,0.2732180284985569
11020634,1.067893476353984
14016667,0.792864560581309
14016423,0.6553618598347185
11021283,1.0613195256291652
13011635,0.8122218782660399
14028042,0.9587295855715633
11021110,0.944791651076079
12015853,0.954123707055482
13027156,0.4566799621353441
14022288,1.0899319848445965
13058235,0.7710942608292682
13004049,0.7321659622490287
12003564,0.6579504458993659
13019144,1.0689566478464387
13063375,0.9583366558163452
13049076,0.8181424366619721
13009864,0.47596427842226446
13017980,1.0465790222506555
13042661,1.116551457772355
12011708,1.188766342954251
11026188,0.4942114603914826
13057842,0.8052425291673431
11013278,0.8734282521283433
13010507,0.34862847273099873
13017307,1.0843133323566176
13027296,0.7806876318865154
12024833,0.6617427239942436
14006214,0.7476066912019355
12027928,0.8337060991186692
14022785,0.9816419540855558
13056845,0.6676924034773032
13040682,0.8735483147911604
13003846,0.3529710523562719
12008111,0.8630353930583349
13003513,0.9006537291710178
12028158,0.44150316017404173
13035134,0.8122218782660399
14039519,0.8582241352923887
12024464,0.5664354844488553
12020174,1.1661930109094765
12012387,1.3606136353302285
13064332,0.9053078901792596
12024995,0.8122218782660399
11039110,0.5203257633699976
13100787,0.7879979383908734
12013237,0.3732153502312937
12024904,0.45452593967024013
11027535,0.6681244415074495
11046506,0.7059676614853758
12019628,0.5768643184415653
13033182,0.3419471693212526
14007001,0.49671155016758384
14026940,0.9076245918385527
13058803,0.6927317763644859
12024976,0.32305061587700173
12017440,0.6968287587667538
13026192,0.10979381723147377
14012385,0.4646338487710673
12012284,1.2715193415584054
13019526,0.5340682707201799
14007136,0.45905542061412746
11033307,0.8198879791649165
14016850,0.55718455431582
12015891,0.9036193133907012
13049168,0.6878386977018048
13003784,0.21481531319397554
13058226,0.7918556766655235
12000814,0.32780976421064073
12019661,0.6898549378080996
11019779,0.8893023309717935
11014209,0.3964881766459153
11033162,0.7769962484358511
14029284,0.9674149931167952
13051086,1.254085756773252
11021620,0.9388063571759504
14005521,0.8242886570187966
13100318,0.7349400248527784
12004760,0.9503748521754418
14038835,0.5428038101519654
11045244,0.4735932126158237
11033276,1.0114165808616447
12004204,0.9073729735860103
13017237,0.9059536957208069
11047551,1.1132704359895158
11044639,0.45518998423807444
13063488,0.635247126966927
12028454,0.7949261107930033
12100569,1.3400744341728563
11045834,0.4736233682410206
13041503,0.5816496552439986
13048559,0.7223043191598791
12027874,1.0119369466866186
12023345,0.929795466347907
12009697,0.5394278879067373
14016841,1.0836857386432674
13058154,0.6418524012060308
13057694,1.0697054395654648
14033797,0.49985711192112486
14029798,0.8122218782660399
13033596,1.2632169969905518
12100924,0.6128132759174062
13027980,0.9512010245710153
13033248,1.0097189941256586
13036010,0.8794675270473054
13026082,0.6514109905640219
13043497,0.9940571211351081
12017078,1.205165271267935
12028431,0.5793008750166281
11025709,0.30649471073398354
14039805,0.584216999086343
12020416,0.7701207906047662
14022337,0.9566176595641032
11051996,0.7604272341289403
12023646,1.0517983520880003
12020031,0.8535653653416261
14022270,0.370837075088064
12007776,1.0201845156991174
13027290,0.48519352115587255
12012349,0.29015882263518344
11033176,0.45814977994435835
12018980,0.3456664696500726
13033754,0.7670588220474613
12019873,1.154603701168872
12024114,0.6118873735828866
11020707,0.8259861032839307
11040154,0.8997953662551542
11045402,0.4609055969869662
13005268,0.46347036984595796
13024653,0.3296486327185942
11038670,0.9251770486441462
12015594,0.4897949213624926
13064310,1.1840497318252492
13043733,0.9796020123953797
12007529,1.158305751011666
12027875,0.47482276397973183
13017993,0.2752753180880589
11033173,1.022203609880632
14023564,0.9465316586751087
12021205,0.5494411951842768
11038304,0.786540186462205
12025291,0.7414789130917708
13035532,0.5762666259676685
13058547,0.542762868616896
11020104,0.8704371603929543
12028348,1.2095502233391018
12019517,1.1402979514187288
14023046,0.7358706666533166
11025640,0.3818760799769092
12024199,0.7689301832517698
12023514,0.8827809829146481
11046423,0.36164675962184034
13025807,0.8822112073433331
13047911,0.30125119099971165
11043820,0.8552285874345732
13004520,0.9402600452949251
12020476,0.7452722381283433
11044247,0.8122218782660399
13040852,0.49260386494549235
14008400,0.37611651471006097
14012268,0.8212599801785682
12027970,1.033029105922318
11041385,0.4110096699965153
14039902,0.6347897908639397
13013001,0.9821643552029126
13025974,0.8617838096523218
11041195,0.23539150208868256
12015657,0.8122218782660399
11013340,1.0195510851216547
12004444,0.9366744206054157
13013014,1.0891899796014648
14028557,0.7020638177147729
14029014,0.3761322301333421
13056635,0.6896659751193771
14101280,0.38998286974760366
11026463,0.201422904303687
13064306,0.7761292785346975
13027677,0.7810078550944864
14033803,0.5251733612445441
12020008,0.8295512722862193
13035877,0.9835923531251449
14002600,0.9150054667033514
12020896,0.7529006663571248
12016650,0.9692217547426629
13026201,0.5505320632410126
14039133,0.9159038594867212
14012604,0.6475836965995978
13009559,1.2812727733348612
12017117,0.5718624207765166
12013428,1.0772511816388062
14018960,0.7546621924145476
14100336,1.0366879503592792
13017614,1.0754962621151607
13017300,0.6607957020613942
12016754,0.276294692161794
13058483,0.8752858048403277
13059312,0.39545119244255533
12004233,1.0071810364795801
14012706,1.0451805463201558
11033781,0.47559662449491835
12011899,0.43708214120259525
14011789,0.7234744235936562
13033123,0.38342227719000027
12007448,1.0095718495860628
12003610,0.630506778528216
12029109,0.44775028626451113
14012371,0.6862389673142991
11020784,1.107945269022147
13058191,0.7753166948510366
12012526,0.6376651639561406
12024607,0.9838856366267303
13036012,0.35374576570617156
13027149,0.8871735795715812
13009268,1.0660739622808175
14002078,0.8651370778355877
12004801,0.33960536277676423
12019547,0.3606759905316646
14013559,0.2324463593085643
11013234,1.1436621907210804
11044623,0.9869647292057384
12020737,0.34203453913114895
14016962,0.8868510119868676
14027610,0.2507351947448493
12028966,1.0345911695182446
13055063,0.5641461664944465
13028641,0.7053886299025481
12028702,0.5888034181905343
11012894,0.8370073522115163
13027468,0.7762949249929303
11022133,0.7371174124073225
12024210,1.0192796190600686
12008531,0.9719811601108745
13051127,0.43211668970223843
14028890,1.1251059559380832
13042280,0.7592474180433695
13039912,1.158018230256686
12019772,0.8272727327407021
12027967,1.2449283075010575
11021407,0.2311216182405841
11007865,0.6711863411696463
13033198,0.5491010349717584
11027915,1.2376213275359307
11013688,0.573509637501479
13043608,0.7179489910924447
12007820,0.9066037714915101
14022856,0.48092591851388644
11101318,0.8113903215447994
12021110,0.8010617506689652
12020708,0.9078402500919779
13063423,0.6375168358059567
13042258,0.37019572627233355
12025565,0.8906691061306852
11032447,0.8479374069564157
14012868,0.683326564779064
11026732,0.768063531843876
12007258,0.3734202947065226
13035629,1.1697200152248124
12021032,0.21538134076685023
12015731,0.9654380815352622
14016930,0.8577203042866113
12024611,1.093583863663468
13048610,0.9910697697086495
12011816,1.051538883308887
13012994,0.7633201383975473
13024715,0.7585048784060597
12004068,0.94614893681981
12024293,0.5917402752347318
12029338,1.1978686647633159
12028550,0.3860861965393268
12027423,0.9009246042801955
12020811,0.8122218782660399
13018111,0.9448818003746463
13004323,0.23903739999120283
14011850,0.4293401675927631
11007308,0.4158843158547775
11033342,0.739736831989666
13056112,0.8910133438827098
13040948,0.846349834095649
11039792,0.8460454541240446
13017221,0.5135102732460991
12025645,0.7539441874335657
13017915,1.0641194721841958
13004072,1.1503303241898781
11044584,0.5743171222067025
13032340,0.9408672426945741
13025323,1.2095502233391018
13016818,0.7411949819339915
12028193,1.281580500802821
13032654,1.1273513116424456
12024672,0.8726044266061298
14005902,0.8849211124491941
11044655,0.7941910827395482
11027553,0.5223785425945424
13003010,0.6513053613424276
12008336,1.0424254269045814
13056091,0.8089182178344417
12020434,0.7244325710075413
12019731,1.131126351126998
11052570,0.9663299414904938
12016427,0.7556679211712124
12024147,0.9886096618743183
11051509,1.0850691135626684
13044265,0.6027516827773247
11046197,0.8032240039200195
13025881,1.289598508806428
12027518,0.898608457418884
13057569,0.3271960929378742
12024728,1.184359701375483
13056826,0.4987747336923924
13031982,1.1262723468518656
12012249,0.6888122395061332
13049555,1.2053074210897479
14012815,0.8212599801785682
13049796,0.38188344756267345
12021468,0.9912130219364044
12008878,0.9337977464921836
11014542,0.5630198228979926
13048525,0.2400018949041948
11101139,1.1667370639299055
13040107,0.9429003212280012
11033345,0.7720957822739094
13020996,0.3265557775491335
13002716,1.0003165295176812
13043478,1.007394821219093
11039536,0.15750790027561873
12004292,1.1164009190442827
11044897,0.9686891033108996
11044878,0.8033829278007408
13005316,0.3390278041737032
14017491,0.971564400963969
12015625,0.4172122861754136
11101335,0.3854928194223983
12015482,0.528958324089369
11045108,0.7706560158618297
13020261,0.34107476294306865
14039648,1.1077330873641635
14005779,0.8212599801785682
11051521,1.203653133654073
11028276,1.149644615404349
13040848,1.3505187692041343
14006194,0.8398083409337987
12023246,0.6095991507404279
11039124,0.6283478497564815
12028924,1.0080975129273557
12016665,0.5374536334840455
11045167,0.3814247478314602
13012219,0.782803476577828
12025403,0.8478258616501902
13028136,0.6242239780794577
13035737,0.6067913373875768
12017430,0.7209932434112454
13101448,0.7534669326585748
14016820,0.7566787979979013
11018918,0.4340963912348015
11046500,0.4709317426276507
11039108,0.32612641599593434
12032006,0.8122218782660399
12008243,0.7253811402624593
12008309,0.9643217671483857
12012355,0.7264579048346701
13016879,0.9609563023859669
13004683,1.0079829293503983
13016171,0.8822794520931408
13004889,1.0926186352264495
13023777,0.7139102634675314
13035195,0.5179214464148444
14013661,0.6362537482026897
11014676,0.7154262519476123
13004316,0.7956942020519396
12008155,0.8246860408564207
13028068,0.6449468812399569
13058479,1.0211334634529197
11051461,0.4607575665363064
12023871,0.9707070797786999
13011101,1.3062395487522165
14013325,0.8054900187354653
11041170,0.4103709080618157
13027839,0.9552090942404113
14016702,0.8122218782660399
12020004,0.5158332520990873
14012738,0.9336342974358268
13042259,0.699451557813126
13004260,0.9418447603830894
12016962,0.7769300516300087
14006543,0.9748198500994414
12019671,0.7340179361481254
11013287,0.8285189872851844
13027348,0.7543323425096644
11052779,1.0645147685138554
12029480,0.8550629653850522
11047606,0.5185660512668472
13017068,1.158220789780514
12016325,0.7404499218724034
12020169,1.1664688183821397
12100548,0.7747802253354339
12013181,0.9491364750509579
12019883,0.4617921905556526
13028434,0.5731245659847282
13011737,0.8802810357299239
12008988,0.9663915439659404
13033932,0.5457584331342232
12023772,0.8212599801785682
11038552,0.5348441512379312
11019182,0.4877268523556405
13049214,1.2063937932493989
11015320,0.7667274833975347
13003564,0.7541791418626979
13025483,0.332097934129048
14018860,1.172366208320417
12003757,0.8381370473649551
11038492,0.8323721036769874
13035199,0.7369093564270321
13010400,1.0380385791108804
11027446,0.6431752850589522
12020710,0.8109343704909379
13018665,1.0895054569088596
13048455,0.4038000822596752
12015816,0.9986161612063821
12004370,0.5606619987618767
12019868,1.3301297552500895
14019049,1.127705932703027
13049286,0.8122218782660399
14022939,0.34639273997779685
14017044,0.9153651043635891
11044557,1.2696040184911221
13017836,0.7331292757724764
14017913,0.6719862848556348
12025170,0.95678126035244
12013224,0.8316403018137081
11002256,0.44044941265013743
12028190,0.8153272550602728
13018045,0.2733204074602294
11033330,0.8151818334586559
11032253,0.6437344715842476
13003319,0.9142309208338787
13026169,0.9304417462865473
13025387,1.0229352451737537
12003862,0.7542132624931486
13035978,0.7279178405850338
12012146,0.3553100967070534
13024482,0.7298924062890537
12016984,1.1478906060075422
11038319,0.7786526459183591
12027794,0.609363975405746
14016629,0.8846502911882073
13101154,1.0176656853261385
11019461,0.9348976676574058
13003852,0.7700606822585412
11046694,0.6280987008516545
12013180,0.5825657135113848
11002247,0.3798008882377585
12007831,0.997963246156004
13048411,0.5328910313729249
13009896,1.1499829127354813
13032450,1.2366044327424075
13004302,0.4288865852579332
11046772,0.9777880716507229
12009674,0.2722189525308124
11052009,0.4688485701023666
11026433,0.656672182138419
14006209,0.7589261839049665
12017276,0.7303319917094953
11025275,0.5325369057314912
13012221,0.42317074452582637
13003214,0.7574995604737363
12024053,0.7149990103833717
13012391,0.9851035246860546
13035231,0.7751490862706353
13056668,0.28528169434258066
12007565,0.2867752768329581
12021352,1.1694992699827886
12023698,0.7112594053460988
14017213,1.0689111350481344
11046438,0.8108901443872799
11026991,0.6045983053289433
11040123,1.1396512746580956
12020315,0.3687613365375078
12028114,0.4485772328633432
13035147,0.47895855259224746
11052027,0.2483375312773745
12011573,0.9579690428837875
14028512,0.9418106620977335
14012020,1.152947257685934
12016720,0.32228023549155327
11047439,0.3822065504320237
13016659,0.8122218782660399
11007277,1.0617420102303434
13004688,0.4829765606472231
13033029,1.0875682525700914
11037958,0.8122218782660399
14029315,0.727689012420821
11046498,0.8255041081291525
13048540,0.5975865622760969
14038842,0.8472461571922798
11044199,1.299603670280932
12028980,0.783587817215376
14028762,0.5534405522995465
11045441,0.7807309823141149
11052943,0.8883576264904717
13010510,0.8195803669886832
11047464,1.1570653324220146
14017696,0.8122218782660399
13011603,0.35131844421397906
13018886,1.0306393387576702
12019660,0.5008049254241101
12016505,0.7763839398885158
13056832,0.21397963346707533
12021078,1.1744718506116834
11021804,1.1404238976824737
12019194,0.5283929052833035
13035073,1.110829185719076
13010836,0.7170676279706958
13017846,1.1863269864154484
11027370,0.9517142053181765
12019600,0.6467295337695866
11038945,0.7829872046435064
13049828,0.8608801949895373
11014868,0.8435548951033622
12019943,0.5812482235761878
12011415,0.2408923504371895
14012779,0.47077284485058957
14012340,0.2662239743007318
12011427,0.9316556287365022
12017269,0.7595752788850392
11020047,0.8122218782660399
13023984,0.5345965595077478
13026378,0.8081590986983451
14016592,0.43671990439266783
12008761,0.8249038838884936
13005014,1.2565197449112673
13009961,0.307122513426053
13012272,0.7055751995255362
14022816,0.9575879459971184
14016791,0.31795099576201197
14012905,0.8122218782660399
11002281,0.6346768838824174
13028041,1.203530374485369
13049068,1.1947601277499271
13101675,0.8122218782660399
12028618,0.7305651349174355
12015800,1.1919472601321552
11026207,1.1571523352203015
14013253,0.5750232844157183
12004505,1.1824479016284666
13100704,0.8297577521719316
14023328,0.721878221782978
13005464,1.2544321762873132
12013467,0.3773123958645598
11025306,0.24334368675140208
11014809,0.5100161809847701
12004781,1.3506205408846108
12028593,0.7996026129746288
14022460,0.29161458777054194
12015620,0.7540656019922277
11013065,0.7051015817171234
12001180,0.8122218782660399
13059404,1.1802572959595934
12012441,0.33328681986776537
14039366,0.3621170866444287
13004318,1.3463019529015536
12015942,0.7886592525277755
12004706,1.2259336415899311
13019114,1.0780728882386006
13049728,0.6996612130366984
11101416,1.24526272301254
12011506,0.5238139189722247
12025133,0.7097725907111551
13025446,1.1777731732637784
12017303,0.9456451599672516
13032684,1.2119459168741142
13057544,0.9933168729920516
14013260,1.1608974074876526
12012019,0.29857073837964004
11038518,1.0948289663756676
14008397,0.8909077575615156
13017002,0.8010408861535051
11101425,0.4773304104813439
13012830,0.4750006657245945
13034454,0.9262122438219026
13026030,0.5617290849681892
13010928,0.475965469459533
14013086,0.45611920663062694
12009233,0.8120286383734128
13032390,0.362071271754397
13055472,0.7343828695518199
11025784,0.5423047014696177
13040527,0.48509658228343366
14101234,1.0299230767488616
12017060,0.5078244919461324
12011817,0.17014578835045843
12016986,0.8911719318067791
11037854,0.274204822109457
11027740,0.7743819836082384
13019736,0.8260342099490703
13036053,0.8212599801785682
14017081,0.6994581262634272
12016667,0.8921789286246414
13018004,0.7441122887490061
12024255,0.48734476250157976
11044281,1.1411449268414613
13041499,0.5680385607356365
12028389,0.7610628654796502
13028116,0.49744503564787507
13063186,0.1829241653750517
12027978,0.6273421043311793
11033744,1.058222633057107
12019181,0.8086185977836347
13016893,0.9364766773810784
11039428,0.5233904927636267
14028673,1.1698152017762047
11033836,0.500539907131684
12007162,0.824989698468568
13004538,1.1782337745334008
11052399,0.9173594891266504
12028439,0.8198839870891855
11045847,0.2850637507699874
13041296,1.1838268468954896
12004410,0.47375752394570747
13003309,0.7290534149257759
12004138,0.7976746963851334
13004232,1.1040520046032885
13034869,0.635616899793798
14018972,0.6029788230126057
13003265,0.6324191241361037
12028507,0.8122218782660399
13051868,0.25605765084039717
13040149,0.7544362454607089
11020349,1.002641824241331
14022302,0.8212599801785682
11020226,0.8448007792519429
13034773,1.0622200358848652
13003421,1.0780919873901593
12012116,0.8675466799667403
12027371,1.1241366541469404
14028115,0.49944285868006355
12027504,1.2090669526384268
11007824,1.1875745809073204
13009969,1.058947003509303
13017390,0.462128978946769
13004649,1.0321674608956164
13051253,0.474503948869105
12020388,0.7038310092010085
12012807,0.8319353019304736
12023629,1.1768869943849267
12011861,0.763442902040475
13017931,0.9148395395844143
11047030,0.28327050447839985
12007439,0.4894510214307332
13011654,0.6344922244053536
13042851,0.8841485527453813
12012390,0.9937630231559769
11100937,0.6994954228287262
12004787,0.2892218992409818
13025787,1.0486627714392325
13004659,0.7917304589887713
13034041,0.9522697065625036
13016570,1.0255892137176796
11051650,0.3153544144214706
11013758,1.1888965629802408
13040208,0.8122218782660399
11047076,0.4606609286892307
12100200,1.1390318199603855
14022925,0.39979193979640965
13010941,1.1914658405567855
11046747,0.41295993825458405
14012600,0.968944170479478
13019907,0.7111818156699097
13033821,0.5358619650140423
13010291,0.6894284483346671
13036186,0.6702815416232968
12019361,0.6722147865057406
13032792,0.335893013003044
13009715,0.7265145453194014
14018472,0.8122218782660399
14018168,0.8122218782660399
12012159,0.46833338443236366
14028287,0.7870283110096508
12024380,0.7700162443984078
12025584,0.6951424966252823
12007972,0.9664446760475801
14039131,1.133987592583714
13043666,0.7544102197721427
11045099,0.7771890326582753
12024773,0.2846233460466183
13020600,0.33817609619055955
13063674,0.8115004994856685
12008898,0.9215874934016576
14022408,0.7548526897500828
13031558,0.4994296750049322
14034462,0.3170344386509201
14023137,1.1239729854547469
11038482,0.811355774225947
13020615,0.5740158866490005
13064855,0.3259704050212858
12028324,0.5623646055469361
11025407,0.6912729607690901
14006539,0.33611884290506583
14018805,0.6184163373289231
12008597,0.8596493257320483
12011729,0.8294580296131745
12020116,0.4579159212777075
13051113,0.8547808617241105
12004792,0.3627383415643892
13041768,0.8457033222089483
14010726,0.4658818544441589
13033964,0.566947567745502
13002732,0.8269219449828289
13035234,1.1558109618121286
13025280,0.6131327971182494
11052685,0.5669282815700013
11045988,0.5950368388305178
12007856,0.4566022356832421
11100610,1.0938759204961155
11052331,1.1584178043864772
13024718,0.4153979475056076
13021229,0.7069709805360086
11045681,0.8048872561396981
13058812,1.1221526669035018
11052012,0.33093396937174996
11047600,0.4471861656606382
12029432,1.2586332842890102
13064340,0.8284386188376167
13004913,0.7216157304032395
14023510,0.6137915957856449
14017531,0.6999236968374974
12023689,1.262197875366126
11041001,1.1719481633854583
13012411,1.192308954480053
13033662,0.7216430127665812
11046415,0.5510754248125687
13010240,0.8605026685203485
12025476,1.2482328416848278
12029209,0.976140532909836
13048606,0.4755232229619051
13040870,0.4249249605043737
13017965,1.1731276685401608
14022864,0.9281361745629757
13051825,0.37910415999164576
11052494,0.6952921845971165
14017817,0.44666492090299564
12013082,0.21987279111774213
14024658,1.140963676270275
13040903,0.6721032041925983
12019697,0.26143376160540466
14023783,0.8039508831794102
11032026,1.0892674423839515
12027910,0.7917110810072626
13004189,0.48779668410785243
13027498,0.6147461560036684
12101297,0.9089686093297387
11037515,0.8283272762023377
14024599,0.7209622774575359
14033814,0.21845356154862547
14022393,0.2502271536600613
14028929,0.8738159033166143
13041561,0.4417906311651152
14034263,0.7804006038104345
13024721,0.9489795393916681
13050576,0.7616797851880045
11014257,0.9040620558897484
13026132,1.197302703738873
12024815,0.32653395019564535
12028086,0.46426296903224284
12025023,1.0509763409922983
11100983,0.8573650441812531
12025510,1.2146075994401162
12003455,0.9830445317989432
13051052,0.2628066019621357
11052023,0.23401658454466762
14100565,1.183186941286744
14008656,0.5146747197608056
12024834,0.9663301377592852
12012821,0.7425007529452917
13018524,0.9163994114819102
13026110,0.6500078275650043
12020663,0.5067917144224662
11020203,0.5291981427229621
12020767,0.483084390815289
14016944,0.8603763174580354
12005363,0.6426719242359261
14013191,1.0884098518677694
12015914,1.1253873228809361
13041175,0.5290780353081345
11052420,0.6026007280893025
14012742,0.3881882015557271
12005148,0.897119566783627
13032138,1.17273903177744
14006203,0.8569616885377181
13033959,1.0342616338645443
13017695,0.9918223918062102
11021726,0.9608542674659323
13009856,1.0995630997952848
12011342,0.9858506086051732
11101610,0.8212599801785682
13101627,0.9510569348054357
11040838,0.7635356973824332
14016585,0.5493252612478039
12028791,0.9374034101415106
12027936,0.9855633016118797
14022225,0.43616359025673157
12020354,0.7359436033822939
12023196,0.47337864949022246
14028430,0.8026595343128866
13101043,0.6414292208582663
13055903,0.8730613632176702
11101259,0.8924450321999532
13034969,0.4811656761239667
13026857,0.42023467314674384
13044235,0.3588777062880991
13010303,0.7165640501653529
13025915,0.8652672970284364
13024676,0.49176158278776866
13017301,0.6980186961522373
13016602,0.4589151069155612
13049864,1.1691340096228062
13027932,0.5826839673264239
13035238,0.5901477415156889
13016972,0.8122218782660399
12009144,0.9587312593776173
13010860,1.3368301965161755
14034280,0.4989662082470607
11033862,0.582004227416422
12019429,0.8017344581060611
11041126,0.8022087056502724
11051594,0.9664739715821347
13026202,0.4874165775536835
11034319,1.0878222863163036
13063112,0.6799806647187366
12012501,0.22959797792768827
13033121,0.7479064952874148
11033297,0.6711341601772971
12008269,0.3586332455191572
11047003,0.6054870072878173
13049222,0.8625460545824364
13057760,0.6614431259694283
13003411,1.13346026955199
13063194,0.7565544892092823
13064274,0.9006705968581321
12025187,1.0760851330331556
12015920,0.9723376634307102
14101252,0.8212599801785682
11026350,0.6155667721787076
13012291,1.2014397423563037
13027528,0.5049993541908195
12009081,1.0828508546465565
13027460,0.956705707794799
12011836,0.8869398395378826
14039102,0.9364129592512241
12011990,1.1633128250431661
12007749,1.0534041444917568
12100748,1.155871971637966
13042237,1.007733989946947
13056057,0.7612565349855598
14100553,0.8212599801785682
12011621,1.062371131149661
11013743,1.2161334407341968
11020659,0.757856479003474
13027938,1.1777906098731081
13041525,0.9848441392256179
13024811,0.4069723096791836
11025822,0.6132568157696803
11014367,1.1219863690839404
12015812,0.7485402492101009
12004350,0.47955771067611375
13043729,1.0567643848468788
11044373,0.5943091990816413
12007526,0.4721896564685461
11039469,0.9267035804582792
13017924,0.5807797503842573
12004646,0.47398266770367575
12011790,0.7439586573206729
12009052,1.2441920742771062
11045756,0.46193404039866726
11051300,0.6934786010955863
13010729,1.257068626707966
12021463,0.2341098199380337
11021238,0.9189966761150216
12023891,0.272609567459483
11013961,0.8460454541240446
14027011,0.617293812914177
12012361,1.2385417190580625
13024669,0.7142350932623943
13049862,0.8122218782660399
13050552,0.5505610918331296
12029414,0.34315293641273226
11013649,0.8054988258003729
12019472,0.5750337835409844
12028754,1.0156359142206939
13017372,0.9553177543460769
13033678,0.8676776854451873
14017963,1.181585875720586
13011115,1.2913914298682927
11052334,0.6672276949387637
13003756,0.9075289115104852
13018063,1.1959540219912135
11044533,0.3456646317236722
11034292,0.9112617062598247
14011303,1.2508874560018275
14017795,0.8396789602600438
12025457,0.68914375464886
13026019,0.975945077933081
11034356,0.7315219604454989
13036129,0.9039021456995933
11025983,0.38049630057914174
13012356,0.787163680760802
12029378,1.1251564638272884
13010675,1.1277591686776294
12032590,0.8639811578426795
13059462,0.3207365355442637
13101174,0.8212599801785682
12019954,0.7499781943811189
14023173,0.9443991389308415
13036619,0.2673262005640953
12015592,0.8122218782660399
14028619,0.947268873814824
12016904,1.1017861988009299
11006731,1.05482544307102
13018296,0.36985407598930486
12028456,0.5924530620890861
12012106,1.0808988452408375
12019715,1.204777648513901
13055233,0.3226433257028728
11026739,1.0819560908310994
12019921,0.6251582829354791
14034009,0.8666494655682824
12029343,0.340044327000953
13050398,0.49073034285397044
13064865,0.7929247261788533
13033994,0.8212599801785682
12016959,0.6353045785197781
13056198,0.5043316023904569
13018120,0.9910913373955607
12021093,0.31413610614171233
12016198,0.47131510063232157
11033069,0.5502535861195615
13025741,0.7653420749557223
14011061,1.2830200578492126
14026759,0.567797740624759
13004590,1.0762609743754703
13011640,0.2741907669806524
11039092,0.6088525729877503
12019904,0.359665295540556
13048612,1.3038815733031082
12028674,0.5113084877171409
13025131,0.7791461570504922
12005193,1.021823672076024
12005173,0.698658997417968
11033892,0.7556444166184121
12008211,0.8023760783246117
13003337,0.8127642844143255
11002207,0.6915927251102972
13019162,0.9204329471249798
13026181,0.6047936925233419
13056911,0.33032677865813675
13019096,0.775119257327554
14028970,0.7024970845927935
13026827,0.4746819841316396
12024929,0.38588972553314566
11013276,0.8621780362775214
11052702,0.45155496038074083
13048583,0.25624757169391377
12013218,0.28246245141515874
11028591,0.46648692591092444
13100755,1.2308019729047424
11041341,0.9376338580280839
12023651,0.9580545116992061
12025222,0.2680854457770113
14007569,1.0839740853788058
14011260,0.9394087220689371
11019388,0.2598870315145698
14012855,0.6104453451364951
11039736,0.9955394953139656
13028097,0.7994846505603671
13051152,0.7500951000696502
14033256,0.21586787605086258
13035573,0.7007167369938405
13063689,0.46736814450813613
12008997,1.0580388132663476
12007870,1.0779846775754829
13055650,0.7283745202150527
13019185,0.7556880408922594
13019636,0.8122218782660399
13050968,0.7665503469834546
12025188,0.3450829040713874
12005109,1.1757592544236217
13020317,1.2298871832390113
13028761,0.32744603745208894
14011245,1.1006867068063406
12007875,0.7583907671658976
13010649,1.3047725581711003
12008421,0.8122218782660399
12013147,0.19329092407215484
12005182,0.6490936812854616
13020560,0.6940057377270207
11018967,0.9332457716628504
11045057,0.8501900464715674
12100146,0.8122218782660399
13026079,0.956543944241439
11047628,0.36216884376528835
14017548,0.592673211577637
12015873,0.8515135106651633
13034352,0.8212599801785682
13005085,0.5424917618836348
12029426,1.1667303640992825
13010528,0.6269804225580102
14011648,1.1832563418025277
13024686,0.6913145922368477
11037681,0.46333864787626367
11038469,0.32420965656829576
11032659,0.8604033890514342
14006813,0.8146553070199727
11044437,0.45896872986614434
12024170,1.0987710376866562
11033314,0.7633924712080655
13024907,0.8665968979629357
13027336,1.2262083068952272
12016780,0.6185060396239227
11050863,0.31456727364865883
13020753,1.0329772329161884
12019834,0.8108965278062196
13049313,0.9293964961701151
11033576,0.9257439907496533
12004492,0.5937173233498133
12028148,1.1087503610667628
13011176,0.3933446006800752
13013054,0.8672634711789718
11014326,0.3527963739913038
13043047,0.5503711354829234
14022902,0.3879052712854518
11046489,0.4470373917107138
13036560,0.6808231313262743
13056012,0.6488090825242389
11013760,0.565194712570841
11033416,0.6931385203604752
13033481,0.3139564346756769
12019218,1.2276843134069897
14018540,0.8762806497464679
12012413,1.238374690044663
13101734,0.8600809922855104
13035017,0.5221038619796382
13043084,0.5538107328404525
12009154,0.846349834095649
13018506,0.7173526771066173
12027802,0.677873994652891
11013857,0.30353299032293957
12025227,0.5112830352889789
11025265,1.2444626503797545
11045499,1.0133312089589521
13017967,0.5734292744934076
12003338,0.5245624159556574
12027781,0.8285222094052392
13020467,0.9555592999835819
11045855,0.3081427493186499
12004175,0.45138528124312516
13032796,0.41125522890114047
11044018,0.5720537735065497
14012194,1.1139203878467343
13041160,0.435584252525301
14028550,1.0226365597143652
12011523,0.2081511764333965
14011839,0.2997015273293613
13058752,0.6749568623809831
14005538,1.077413031601723
14012279,0.6558003348735467
13004702,0.4509725581816867
12031934,1.051929151088266
12004493,0.6208370945393831
13003192,0.8979069212160776
12100752,0.525613180792904
12007608,1.0352421251174928
13002959,1.0425191333182993
12013511,0.6940139658456548
13043612,0.20141483553007042
13042810,0.8122218782660399
11045160,1.1642033059838566
13020526,0.5718430727605739
13025237,0.6747231508478556
13035149,0.5536266149008766
13034663,0.7719699822155255
11020881,1.1282018329654746
12016971,0.9712472351973308
12019333,1.0983960588181096
13042162,1.021397236166569
13048474,0.3944443462362011
13042896,0.33805967615657107
11047021,0.885063170634862
13018634,0.8712465958192205
14017622,0.8122218782660399
13057432,0.4344948969923506
12020465,0.9317957315063146
12009012,1.0220111296538057
13003326,0.7926815547591058
12004223,0.40731926179531136
13005172,0.7653383921730623
12100760,0.8122218782660399
13050890,0.806043934943834
11021207,0.7376776601650918
11044361,0.8717223149415314
12023872,1.288328195039971
14007500,0.7259314980117006
13063198,0.4977120847646819
12029487,0.9383979007091721
11047304,1.0350510658406373
13027450,0.6461262724062273
13048452,0.6803763823709803
12011693,0.5722205792058845
13012088,1.258264478995499
14013812,1.0221666074685882
13019308,1.2800830583301468
14017744,0.7318161051382673
14012727,0.6716012925066636
12015526,0.4081942015572657
14034187,0.5651984093537096
12009521,0.27828464928092317
12029296,0.5362563806900474
14027302,0.6816687968168024
13063470,0.6723272572405874
11050704,0.957855074850386
12011719,0.4781611240697533
11044595,1.0196671013747427
12024126,0.33037736852226757
13032311,0.4230201809100309
11026334,0.8887573163142579
13051240,1.0037288259689103
11034097,0.792417150548066
12016700,0.7454453828027264
12027987,1.0371318313042828
13100781,0.658405838523711
12021391,0.8218246895880487
11015363,0.4289086805841301
14013220,1.0360960302026059
13017902,0.8048507580683586
14034700,1.1389256419986107
14005667,0.844979818636438
12019899,0.918912745023756
14011885,0.8122218782660399
13018695,0.47709922568821966
11034278,0.8160010998277711
13005322,0.9854451179094262
12016793,0.2556615779896868
12027847,1.1295848817894252
13035069,0.8627255196747257
12009034,1.0491901610413301
13063183,1.18900542143641
11046372,1.2031132763658328
13018604,0.5341219163811991
13043987,1.169860886321646
14028069,0.7481248984382748
12015167,0.3576451515150989
13009925,0.3551008811145843
14012347,1.1456215457504502
12019393,1.0932904106316057
11021269,0.5580961244152429
13033225,0.7511297180019334
14018019,0.7385278262138976
13012579,0.7758896417990938
11038649,0.30602592827355046
12009454,0.5351579103970611
14028760,0.45587662132248574
13004282,1.0004785996859886
14027104,0.5455417976121701
12029116,0.9850595154050643
13032924,0.8102018694866754
14022359,1.1720919243639112
12012154,0.765301268257026
11038434,0.6736825738206679
12024806,0.7305763647365826
13049169,0.452594501824636
12008332,0.4805372504575034
12025616,0.2283110127580722
13025511,0.506235350346461
14100835,0.6634968982175391
12016603,0.6852396265791785
12019521,0.9765255629048967
11051057,0.9605075339499111
13026668,0.7273543533289469
11101134,0.4364638372878968
12016370,0.972843027187731
13048604,0.9084460525072893
13003741,0.6239340060732801
13056261,0.9083915419661492
14013554,0.8219712381834261
11044614,0.25806639771555395
11051260,0.5536942398153526
12007255,1.2321378129269513
13057822,0.5574379527220321
11039587,0.6609395851881673
12004674,0.3763469866221292
13051799,0.3459062994418042
13011127,0.8455268578104072
14039585,0.6979737259030658
14016503,0.9965701429254439
12009251,0.5928252890511815
13012958,0.35598853659139323
12025264,0.3534908837715898
12005138,0.28625054675198913
13010357,1.1648168378324468
13035561,0.5877630662377055
13033432,1.0431368645616934
11052229,0.6140192880740297
12015574,1.1308939236872604
11039129,0.47804041879362436
14023432,0.5865001117730323
14006259,0.3509219332165234
13036660,0.31350389320557653
13032160,0.35836854646781163
13016880,0.6660232804522254
13043052,0.19592342702076598
12008317,1.2152285408905479
13049323,0.6442404131420797
14022969,0.8123599081311902
12012627,1.1792781719975498
12008473,0.6277284811706364
13003378,0.4030563934894457
12025210,0.6291320380742342
12028047,0.7593087768969788
11045739,0.9197343469380722
14033292,0.4673199443123169
11039913,0.7761383749231302
14011294,1.013959194405755
11051266,1.0665241294069678
13025169,0.7629867571008875
12023761,1.087641836322977
13048597,0.4843215901179155
12021105,0.2367297964077262
13059427,0.7255460184500129
13063830,0.7296954210116774
12028932,0.5160611447969139
14101487,0.6832889525252179
13051213,0.7449698349125436
13049601,0.8281167167527341
11044750,0.8122218782660399
12004146,0.14842418261395618
12019702,0.4651770908240868
12015628,1.2363328232953468
12009486,0.8992072886595999
13056184,0.9902587998546696
12028049,0.8122218782660399
12018979,0.5761118406411139
13003693,1.0054794342674767
13027503,0.6646576970954339
13026503,0.8919216241298922
12017745,0.6538435255254608
13051026,0.7982576996220825
12029040,0.32305551448784114
13020136,1.138243619179311
11013363,0.4663015237057351
12015904,0.2925110512850576
13019524,0.8212599801785682
13042590,0.4631661408263225
14018415,0.5887993607838243
13100090,1.0831725152546432
11020839,0.7327286998670285
14100978,0.8206960309846282
11019205,0.4369925487385578
13026743,0.7447922467829396
14018495,0.7097826791363548
12007950,0.31507072859943386
12003429,0.40996162183555823
12008201,1.1483209884046202
12013186,0.5940215740780637
11032130,0.44716422947488277
12028360,0.512557333295081
13050326,0.8558778391637747
13018667,0.38189475047161575
12024005,0.2950790844495294
12004044,0.8513678339411859
13032498,0.307540639484459
13012334,1.2640900596014961
14029473,0.6380810407296467
12003625,0.31201061193629287
13009812,0.5638972299989765
12016356,1.054378633468721
12016649,0.5540593450814205
11031315,0.8938154098038205
12003865,0.8177255447027713
11040219,0.13976633988167417
13010430,1.1595425521799188
13035263,0.5344481762334158
12005168,0.4933068388891497
11045656,0.5775056243277708
13024800,0.5742241572975086
13100525,0.48310465770260275
13012406,0.5431854000978686
13048099,1.136826473980917
13048478,0.3916829891699826
12032736,1.2922311667761843
13057287,0.8696536845427472
13025744,0.6141097228695291
12019633,0.37558665289370613
13027508,0.9004919595951115
14017427,1.1838758394042803
12023713,0.41661491919563237
12023743,0.4952014085587575
11014896,0.2306819924891414
13028050,0.8137813757436405
11031393,0.9142027585198641
13005457,0.8467233179775056
11013856,0.5027666067689611
12005521,0.7752995036050929
11045689,0.8010830675877082
13040909,0.8777589403785171
13018286,0.8291700769054471
14021336,1.1974371371472186
13026843,0.2795764574194806
11014416,0.4652990951360786
13027798,0.7928087848605437
13019314,0.372336007462939
13017428,0.8122218782660399
12003392,0.6740794226914422
12008720,1.042428841316492
14027650,0.37220987942621603
12011486,0.7975720068492282
14028548,0.33981108321714054
12027666,0.7146717769684207
12011368,0.7740368377403981
13002718,0.7126378425409786
14033854,0.758747652440479
12004449,0.547331102675781
11027563,0.5337476792364675
14022921,0.7124597242922724
11007771,1.1402667950103538
14039127,0.44781040611532436
12011889,0.7958187392298304
13050923,0.35691855328417615
14007522,0.5768276518269214
12015802,0.8820502646258184
12017319,1.2755856872138132
14100518,0.4384249675342165
13025142,0.841955260459447
14028553,0.5922005556367598
13057791,0.6627980344301779
14028802,0.9497903744331263
11026914,0.9550039717244239
13027941,1.0412944635533292
12004835,0.8483679680062115
13003715,0.3861643466997095
12015970,0.7793981616260764
14100816,0.3491567693895592
11100748,0.4120659517777631
13040205,0.7036284615342127
11008366,0.24386441062297295
13101415,0.4736641686458131
13011214,1.309915732838342
13020455,0.7658887349748162
12015563,1.213273936391368
14017405,0.938411511669146
14016611,1.1850127596323468
12021377,0.6449179517040592
13012371,0.24150543275903594
12025662,0.8744737189437191
13017342,0.7460702289227729
13017380,0.38115846796035585
13042327,0.3380765201452838
12029071,0.8122218782660399
13028523,0.8066751411108627
12003554,0.7863090138599567
13048633,0.5495887592909626
12024870,0.9500270506988029
13020564,0.5703699735409786
11032767,0.8753082411555568
11051187,0.42870264774353084
12100149,0.9609226386126063
14022960,0.9888697045986542
12008582,0.9426605513551657
12008750,0.809500987027537
11033364,0.6657107418225983
12007641,0.3054020411392736
14008472,0.5650504872831784
12007808,0.5269668864155256
12003831,1.1213691870585578
13042858,0.8577302518796074
11034887,0.4099856826084453
13005442,0.3783717768797341
11025028,0.44198517329174664
13017182,0.982478685533586
12007993,0.8254561850535259
13011368,1.0630412861308383
14007172,0.7169998049092111
13011189,0.7140139889342527
13043704,1.1787031550832292
12025569,0.6683330401142084
11044047,0.5008721663509723
13056838,0.6381633460277678
13024751,0.7571383356272847
13043761,0.8122218782660399
13043013,1.1752275634721003
14034832,1.1682762385104728
12025527,1.15947713348786
12008831,0.9600056797054568
11013888,0.44140997535608795
12024028,0.8432037636178208
12028295,0.856387881232849
14006709,0.6125442701673387
11045899,0.505562579376384
12024767,1.2259336415899311
14033155,0.7027782785520527
12008186,1.1055350047028476
12009054,0.9173163169102133
13010080,0.5503769039162411
12015544,1.2184029674175878
11019729,0.7565523319478686
12028576,0.31521056822155924
12024067,0.39231377382361915
12024796,1.1675376641506607
13035603,0.8433540157177211
12007668,0.9349792908763865
14002285,0.858392460865616
11039101,1.0847154276304463
11046352,0.9450099645659747
11020504,0.8860739926567509
14006119,0.7957250754172703
14028083,0.5695858338560796
12023715,1.226851459898317
11044948,0.7834722948062928
12015165,0.40836497180267745
13035338,0.8122218782660399
12025041,0.8234606243484851
13048886,0.8068980230139413
13041522,0.5441422955194343
13005500,0.9750071929518295
12023991,0.7142054962674645
13057527,0.24686739951854025
13011658,0.7427881232606035
13049069,0.7656989155182982
13056799,0.7075417834118777
13033800,0.7436457665721403
11028507,1.1373625583322111
12029132,0.42049327949632426
11100749,0.999529489246723
11033255,0.5492826519157966
13049125,1.1150506641330524
13034500,1.074809096807131
12012781,0.9484891418158935
13009932,0.7851285215074645
14017504,0.6198556919803864
11046121,0.4440277176517999
12013038,0.772574634754613
11101121,0.4279939256616526
14024096,0.603923162148182
12004408,1.0565722648277687
12004799,0.9550985086859102
12027647,0.41519547027366754
13011457,0.7263496398078272
14033858,0.576937931495523
11046262,0.9969654339084607
12013073,0.852155205077802
13026422,1.1207021366746226
12028026,0.4300401538633432
12020272,0.7785760787906827
13003976,0.784198617944141
13005406,1.1161058498323602
13010278,0.5151697325362266
13058811,1.1655682135205467
11026281,1.0266707065071778
11045563,1.1228720969953114
11040848,0.5168925850506189
12016025,0.7358541301302393
13017410,0.8122218782660399
11046809,0.8794078404367425
12004788,1.0032387527983935
12019651,0.34267934324862276
13032949,1.2800445961451612
13101219,1.0345145605838024
13032465,0.2533876160312216
11019640,1.1563130752258917
11047201,0.7060771344633741
11052071,0.8076886954971103
14027032,0.6778409291694732
13003834,0.9873287432849471
13057459,0.9912559948100811
13058604,0.4417020907163836
12013343,0.439013784108872
13034442,0.41679788306184185
13039548,0.8122218782660399
12008681,0.8287320388977291
12023285,0.42778657915547225
11039169,0.7579302222084948
13003694,0.7110058627018272
12017015,0.42359366070754223
12029074,0.7367433259067668
13010843,1.1807198653853015
12024452,0.3812205717552551
13056557,0.9440192668362264
11021760,1.1153707539200168
14018422,0.6898939913698034
13048384,0.5296217677431669
12029337,0.41493745074839977
12100258,1.0099361501280522
14039598,0.22304050405868334
11051343,0.6151207568589798
13010706,0.36405090224233166
13003396,0.9003969739317738
11014591,0.8849050906339322
14021305,0.8003149358342528
14013852,0.48570567685291
12028878,1.121109525042233
12100577,0.8969189072861252
12004490,0.6977660909042355
14033766,0.5679958106389738
11021785,0.6284471979226439
12027497,0.9332659586346643
14034319,0.8219643318147121
14021965,0.9224580988289254
11051470,0.5430425013732573
12028804,0.4998235973700644
11050680,0.5590835700571577
13032443,1.089759369466035
13063573,0.8212599801785682
13027902,0.6086749133201717
12025485,0.9015645501336993
14034672,1.1857520124339256
13034862,0.46353460310434463
13026106,1.2241688860750597
11047490,1.2893500835025684
13034874,0.575031589274947
14006205,0.626936618608153
11027903,0.4725767740958609
13040220,0.7407375435592713
14101260,1.0941620921657211
11002292,0.2849219681009449
12008334,0.40145159332431807
12008478,0.3875276971032141
13025968,1.0733858949379411
12017051,0.47477884668063025
13017917,0.7289828172365966
13010327,0.9018231846011692
13011230,0.8212599801785682
13056893,0.7650397629105212
13024494,0.7607054951656989
12012204,1.162448907734013
13035556,0.42809982589202794
13050594,0.2862717188837187
11019471,0.9667363270220393
13011062,0.2955984925645075
13018173,1.0446433911052146
13018039,0.297463110716612
13010081,1.1377397425384013
13013013,0.280464682494514
11041329,0.7271980837553684
11033313,0.5200729292856355
14027496,0.696026246868941
13004311,1.1967711390376998
13059191,0.8212599801785682
14033927,1.1601157553684427
13033928,0.5373331201295188
11025277,0.7671326778381078
13050232,1.1913493218433624
11026948,1.0443756644210151
12015130,0.5719203179044755
13018683,0.8287874141754445
12012378,0.8300883498317765
13011617,0.529644153203032
13059469,0.9071306325002824
13060056,0.5366712115192522
13028625,1.1193205244494218
11045261,0.893692205992333
11040069,0.8227306842037512
12012131,0.8762784724585487
12020219,1.1133371455562895
14023501,1.128441112981246
13051784,0.9368999652270511
13004914,0.9059962477917354
13026566,0.8122218782660399
13018929,0.8023760783246117
13048465,0.8508557038672447
13011971,0.22244621171372259
14023285,0.9687000244116473
13025912,0.9052473143016198
13028742,0.2973436155978298
12027236,1.2037189298264677
11033356,0.968013402615243
13017930,0.5317111929331008
13009636,1.093484413108567
14006647,0.7597986251433116
13026804,1.1439329123213946
11026310,1.1793505805499487
13040230,0.3244458226919918
11039891,0.49426485392934527
14012356,0.7202180558889965
14008386,1.1516310200977125
11041312,1.1199162645027487
11038521,0.7722332600869382
14028527,0.2379866109369862
11050805,0.8591786867711972
11020165,1.1473022397255226
11039661,1.006601657189945
14006252,1.107658403373229
11038453,0.813772839712367
13033904,1.025570514685817
14012326,0.43679370478796586
12020447,1.0186409322494807
12007525,1.1325032323133073
11028073,0.39619270066864687
11037782,0.8779415751253273
12028981,1.0128419656419065
12003678,0.9481123884837807
14034669,0.9591546784713878
12019436,1.2118955469956194
12024045,0.24366507497428938
13049088,0.7752155524565985
13048616,0.4062749148187412
13010508,1.1810622619109055
13042375,0.8122218782660399
13025514,0.6044327668739546
14017048,0.5826605224923925
13043703,0.37136791298144195
12009177,1.257391504956739
12007371,0.4465808327293431
11013358,0.31915320832487076
13049851,0.2271009029997401
13042987,1.063441520479102
13010544,0.7741498262615154
13005173,0.9237868380429396
12020298,0.7306315727304519
12024591,0.4285333397417049
11045095,1.2634315318828677
13024725,0.8933138066752342
11027778,0.9447158023017281
12011728,0.7072347803497885
12029102,1.1496541163695697
14028567,0.29419881238192674
11044481,0.719582937646946
13064767,0.6978537142257356
11032059,0.495143539095697
11027714,1.0203797903980518
11027502,0.7985272491186904
11050732,0.8341638715460662
13012329,1.1837017557169254
11052669,0.6414552995134255
12024716,0.8105610099721154
12008658,0.3086536353244767
12016361,0.36672082372576187
13019945,0.252735012345276
12027557,0.47317140416080694
12029092,1.0722768300573409
12003562,0.6640054809396383
12024047,0.2914636775935651
14028947,0.571648500761927
12008225,1.1433022260915027
13034651,0.7390910326740089
13025884,0.5441485729321875
12024478,0.47335681659015283
13101699,0.7708914456759256
11025564,1.1523600599782609
13064175,0.5668574204154722
12008805,1.2727727643957358
14022907,0.7765509445463881
12011419,0.7072760499992096
12021440,0.7399029490605471
12020145,1.1920928770969352
14012787,0.9149179785535765
14016825,0.7870352296573561
12101380,0.6415208280418228
13034584,1.1590783922841374
13041642,0.3514239721224396
13041518,0.5740393691982215
12100393,0.619151535219105
13043019,1.1002598462882496
13040569,1.2356992569058893
13035085,0.5548739584828102
13043588,0.7858832004764845
12029291,0.4343166406628608
14019226,0.7794559175646325
13032757,0.619207696675016
13018688,0.9692217547426629
13024597,0.7836333367428554
13011771,0.9304832087464684
12024331,0.8153193752295339
12004402,0.5880980505127494
13039948,0.7971103098580353
13059324,0.9017332527724796
11032620,0.7315405319688782
13035739,0.6195964720808272
13032152,0.7965845858437561
12029488,1.131496238946726
13101038,0.7441968044759544
14023750,1.1422113317067086
13035806,0.8391476943717432
11033328,0.3018048774674057
11008344,1.0994397870501749
12004485,0.7063259627143919
11033298,0.9012050943547492
13035444,0.6560980968021413
13040722,0.8008580541462473
12008126,0.8125894312365601
11046465,0.4415809689062519
14039986,0.44942571797002473
12028238,0.8612603045153013
12019264,0.5334037470717844
13012938,0.969946849409661
13064756,0.701185851623942
13017170,0.6890892668892694
13040052,0.7807090328288184
11051500,0.9559951331211458
12013349,0.68597333321421
14029410,0.8704255414001943
14018792,1.0402351244112686
14013482,1.0599898927749773
11014303,0.4233702925728645
13050207,1.2184203566478329
12015664,0.36642969228010763
11019953,1.0224597531364932
13019152,0.7959891391997422
12024117,0.5190130862905096
14029582,0.8122218782660399
14013626,1.1143408996064927
12015428,0.742734846782851
13034604,0.8283753224153537
14012165,0.8122218782660399
14007463,0.636516229266399
13058706,0.7647329956692337
13024828,1.286716727381233
11031629,0.8152539657214546
12017088,1.034213657161994
14023357,0.55986005998144
14008025,0.5325421343976513
14012374,1.1808333882824464
11044564,0.8001436325764826
12015805,0.5643323112864341
11045090,1.0052105822612334
13035908,0.31333604132603715
11026422,0.6657516389324034
11019433,0.6650277815959796
12020124,0.6116337879335928
13058046,0.5025178598048863
12004971,0.4584234686170226
14017886,0.9609883458820987
14006127,0.48901352114578595
12029089,0.4964988635873837
13049605,0.677026363438087
13042527,1.1660497613987735
14006265,1.0035353464507863
13041681,0.36777746308813786
13047925,0.33961499048144067
14026917,0.5188788847258806
13043682,1.1821996363090341
13005313,0.8552752182653724
11013321,0.3504884917506912
13010287,1.2669301466385123
13041851,0.7377755896800424
12008945,0.6012668015925319
13003855,1.1064862003220506
13100951,0.727860272218329
13020498,0.7762228183446747
13025209,0.8651547267413875
11052005,0.4891003994547274
14029347,0.7454603017595464
13024401,0.9807383823041971
11021103,0.8610824105906688
11046892,1.2160189884900985
14100863,0.8573220423112251
12004751,0.9740903579887845
12012466,1.1672331369010733
13003387,0.7771747152448865
11050869,1.1465193230165993
13011686,0.6213135264754948
14044225,0.5778449879541776
13031888,0.8273536578266586
12015280,0.4983787993971445
12020613,1.185094675235628
11041146,1.0007418372465715
11027650,0.7851863266026544
12013198,1.211341882950286
13101225,0.9476985692234093
12017053,0.2759865282310993
12008772,0.8275641886288103
14011248,0.2300873895949232
11032438,0.6644792218888601
12011456,0.45002838052641597
11044455,0.9531050712862593
12015320,0.9982328251565592
14039660,0.8122218782660399
13019387,0.6731981338655323
14018007,0.34539154725463805
11038194,1.0246853936695066
12003802,0.8688845532465275
13012418,0.38223078667179705
12003853,0.2827296402172043
14011154,0.7543697166313251
11007359,0.6859292413119998
12012733,0.7968702340447223
13050503,0.9400591881871261
13032428,0.364768488198044
12007823,0.9283542739654664
13048634,0.5752998859026712
12004260,0.881931822086538
13012101,0.29889164702268434
13055858,0.9539813605780766
11031897,0.8370073522115163
12012670,0.5007141029754225
13020488,0.9623966739330698
13026858,0.3084859376402957
14028501,0.3436725735175615
11047674,0.8122218782660399
11015122,0.633297033579914
12029048,1.1529957168220581
14028072,0.5954760253463324
13003841,0.6978338388287669
14034220,0.6847558824421454
12013460,0.6300668803701801
12024078,0.7993215338530285
13041920,1.0532135238225064
13051882,0.5527343198146204
11032138,0.4219783216462767
13056013,0.9741524158228784
14018887,0.7367224847122916
12019008,0.4635988569700359
12027559,0.8117851080705817
13041650,0.342613662155398
11034523,1.0923883474015976
13004055,0.3664748846094019
13025547,0.8122218782660399
11026441,0.5928947780765135
13043388,1.0461934834990503
12021276,0.980918483754383
12028066,1.0450412363141721
11039137,0.736493485361627
12024143,0.8122218782660399
13032906,0.49260386494549235
11026990,1.1309363204674354
12004836,0.26548525093593534
13033098,0.914807086540983
12020392,0.6366537741587556
13040799,1.1197774442143573
11034962,0.7614187493976258
13013059,0.7551120805788005
14010492,0.8122218782660399
14029030,0.37609437930026013
13025534,0.25605765084039717
12004411,0.37137216200071776
14022445,0.5699919809260742
12024764,0.3368205738103342
14034225,0.9478083983043089
12012923,0.8122218782660399
12100966,1.0943858561270585
12032040,0.353432827963962
12020362,0.7524524651475037
13063226,1.1108945672746966
12003752,0.6249913163871323
13033893,0.5720319641981166
13058061,0.628475045026418
11033646,0.6627186472694863
11051030,0.816889246653217
13033045,0.49379635360894863
12023305,0.5294157775200188
14023711,0.9676159767454917
11033370,0.4406199234131748
12012777,1.2600785606963916
13017465,0.6267705512120363
13043232,0.6057401930668723
12011452,0.3882575325718362
13002981,0.7187189438268634
11044469,0.5208435297712075
14028402,0.8577112720425757
12011457,0.38139509284308537
11012871,0.8737025377225695
13028007,0.3675020809307562
12024374,1.0163041176220777
12016057,0.5488650594100858
13025092,0.8122218782660399
13033759,1.0131987406352185
14007627,0.21898296639288084
11027522,0.4599140147447886
13056688,1.080543622743716
14012781,1.1445686113841504
13012375,0.5081489507044472
13012776,0.9293754017510639
13025458,0.4552729067269484
14019290,1.1613922275618171
13035861,0.9101762848874116
13048618,0.8122218782660399
11025662,0.38394732748790034
11013457,0.7222405138357809
13012651,0.9912452220339144
13026107,0.3969665178586577
12029644,0.8157067389282349
13017979,0.8243731109815791
12028488,1.2649758454200117
13009061,1.0544250539989224
12012829,0.8122218782660399
12016409,0.582256489365989
13042389,1.0235440443591721
14011822,0.7149893866553673
11053107,0.5485257981126077
13010734,0.8690348916183963
14001833,0.6162266114749291
12008086,1.1680015546698006
14016602,0.7332241408775168
14017891,0.9995931926427188
12012260,0.7067951120175681
11052398,0.744063222775192
11028068,0.4948216250161584
11051625,0.7920845399025949
12027738,0.645798930257654
12025473,1.252077363207178
11020704,0.48518910151811345
13043020,0.8779948679318111
13020084,0.623566354903258
14028334,0.6056869510687619
14011722,0.47128501115801247
12015987,1.2879359596618296
11045958,1.3154067585795766
14006679,0.7628036253462759
11014287,0.357149295314664
13055755,0.5141013280829776
13012399,1.144131739506818
14022761,1.1553426135914862
11052119,0.8743676877319714
11032684,1.0651349669344716
12027842,0.43849894842259246
13049203,1.060101181759478
13036580,0.8584555207211845
14013810,0.9690520158121896
13033710,1.0860734236910126
12025192,0.6955111362778394
11045080,1.2628413041979216
11007476,0.4679677936846301
13064669,0.7255722338106063
14017084,0.25776311102182164
12004206,1.2260401454423389
12012738,1.0207879160326512
13056821,0.5946195673784297
13042178,0.728164695006071
13034457,1.1745558525488353
11041380,0.14705413808024806
12020630,1.1059521145190108
13049084,1.3096970194609527
12100169,0.4522158387327629
13012957,0.7971527621709823
11028406,0.8775127571807964
12025640,1.1246557694466706
12004045,0.6664276635819085
12019545,0.6700518474131039
12024395,0.5321442311535317
14012846,0.37636761492611864
14101233,0.8843768973854711
12016850,1.2190611244304077
12029433,1.2630871392280543
13044170,0.670478272070865
14100104,0.6303519260752266
13021021,0.8884037137064806
12100287,1.2588706109705192
12029083,0.46459936601531676
11027139,0.680162804783578
11040277,1.1583463847118345
11020030,1.0908338648613602
11045728,0.9349057051447782
12029427,0.5617040695590393
13024649,0.7126427616482609
13026881,0.30231645206445473
13043597,0.809847207474175
11045058,0.8250148251462993
14022957,0.7264582256606972
13044317,0.6278566118071072
11034204,0.8668186632176256
13011049,0.6141598982860526
12009131,0.6403157985965057
13035184,0.9097292056670538
12004009,1.3126529867692736
12023440,0.7230153306774211
13049812,0.7170521433168285
12012986,0.3901959678096854
11025872,0.5473342924867495
14029285,0.6230943045561187
14012598,1.021300224436016
12008249,0.746819637503699
12032642,0.5808578892574064
12024179,0.9757909936465154
13018223,0.756397366591028
12020894,1.1512614519236213
13040460,0.573868027563035
12100958,0.6662660549706254
12015564,0.7881066191028646
13010521,0.611683652918106
11027990,1.0111887282366578
13056168,0.9491504585193687
13010793,1.0384378467207784
13056871,1.1052585108506532
11022304,0.6582663833999088
13042387,0.3687344034792866
11045198,0.813341716541777
11019702,0.7937719485426713
13100733,0.6483561786413617
11040781,1.2874839958025526
12028020,0.7311687240379555
11033905,0.7822213644029418
12101152,1.1665268505466126
11033441,0.3255726941036057
11039644,0.8488094065648134
13034801,0.6795641444751853
12015324,1.0103744274722375
12025623,0.6755823079353429
12012671,0.45217399983784623
12023920,0.5400901983191573
13048434,1.035460907018361
12019602,1.0153375375375568
12016250,1.111111938747759
12020696,0.6899046184236484
13012909,1.1346391147380055
12024021,1.1608239036314663
12020016,0.9139476889184666
12020624,0.617200383367986
12024048,0.5257575349394396
11034631,0.9284834681936432
12020036,0.274204822109457
11002024,0.7207439451414025
11038487,0.9563841908119255
14018346,0.47700203224537724
14002472,0.8122218782660399
13048590,0.3586719698878948
11032071,0.7771390675340244
13041515,1.1304510390207083
13041135,0.5432969579190989
13017951,0.6879874405661437
13024262,0.4819408039724578
13043708,0.27975420887429087
13035321,0.29015882263518344
12020816,0.7126314118290349
11051629,0.41822141811128577
12019599,0.818659944468711
13035912,0.4645909802221243
13032213,0.7956709318584025
12008048,0.8102780988886271
12016097,0.817790145259609
11026911,1.1462821955047553
12005177,0.5699988649117105
13026706,0.7603207059338815
12012188,0.5383112126561017
13032066,0.5415875646957802
12004300,0.5965350666050946
13019205,0.8122218782660399
11040817,0.8120262241208955
12015860,0.3633621082649286
12012850,1.0862898221261503
12024467,0.9926268045973953
12009174,0.5896394262448189
13042983,0.951080956292297
13063137,0.6412908894628493
14044226,1.1625694918093692
12015596,0.6816153434522676
14012709,1.0499457836499437
12015997,0.7873825703434975
13102038,0.5916127092427651
13024299,0.8926827009512867
11021170,0.8460454541240446
13017985,1.1466331344446223
11033076,0.6860306240495431
12011592,0.968854619324069
13041625,1.1251419380776164
11013811,0.45942279870977637
13025454,1.3320980051227636
13018429,0.8096627828505961
12021141,0.503703898295051
11033043,0.7021304411853565
12025229,1.00272800990095
13056887,0.5183053661581882
13051908,0.3329101678914213
14011264,0.6768490889446496
12019990,0.7155001586514491
13020436,0.369123791502852
11033385,0.8370073522115163
12019153,0.4104991133125322
11051130,0.9104120287808831
13032478,0.2899870432264416
12004234,0.8341226909071754
12025642,0.4640375438221338
13010496,0.7056433686531545
13005086,0.7803712357206702
12020582,1.3069540158343926
13027763,1.2256357067653025
13059276,0.5616448992617462
13017171,0.3669294387242234
12016162,0.8079662451373356
11045588,0.8907169417583366
14033700,1.0817742852192722
11020150,0.6728844078347465
13013524,1.1942205939458934
11100411,0.8359477648288505
13034913,1.1974067875972663
13058133,1.092789563587952
12020744,0.4098515784033432
11034837,0.5394547524564608
13011656,0.8338925035254471
12009276,1.1522013812860012
13101985,0.7291624877174062
11035480,1.2065737164475885
14011651,0.6539234161179645
14005635,0.7554603441115277
14100963,0.7650859801642335
11046771,0.7072507935461301
12019564,1.1667764692549858
14008093,0.8009047229062564
13010546,0.5335901389246027
14023177,1.1474457517294123
11014781,1.0766457446482143
13010364,0.7372807153754425
11020228,0.9212345312481645
12029076,0.30166633335311305
11013366,0.31537335269595773
12024644,0.8392685722418297
12027589,0.8122218782660399
13025944,0.5880891301655855
11051249,1.2141319727586264
12020029,0.7102610250546427
13004181,0.9822686758525947
14001763,0.694256928911889
14013114,0.4541473709569786
13048454,0.7401966286089366
13035937,0.2932397136837838
14028946,1.0222626330954045
11020243,0.1840614663591958
12012052,0.5959220251915858
13049406,1.117538980700934
13035164,0.9757466166839578
14033260,0.46298227341790554
11014364,0.8667578086725888
13027197,0.7940649047676666
12023867,0.5072175088420839
13032226,1.2798632331436093
12028101,0.7867491554819147
11051992,0.46473010998244496
13064237,0.7481880874232173
13059411,0.29475033666228173
12028633,0.6802290929275725
12020350,0.6158746857929573
13005395,0.7608594877031756
14017869,1.4269425349132945
13018481,1.1303118447258507
13026059,0.7104587132429075
12028614,0.3115874480468435
13024327,1.0551952233296031
12019042,0.7032081971451973
12008424,0.7175286412576347
13026010,0.7502755117383515
11013914,0.7225894676247301
14010862,0.7087786848094874
12016641,0.7517210957178198
14018592,0.6850390702881345
12005126,0.389887238192513
12003738,0.9776515562811362
13018389,1.1747188017945023
13051817,0.5728375074336053
12028854,0.7433410073351083
12027703,0.7569428414283067
11037889,0.7267093726755784
12025448,1.0457882497535052
13031606,0.8717826970720371
13033774,0.6807508608854487
13018487,0.3638347900929859
12012669,1.1941582005275029
12008188,1.0458735491832678
13051194,0.33667316110170586
12005745,0.6635872563007678
12016165,1.1368496346042856
14012644,0.706805526961643
14006356,1.1463703285274027
13011774,0.20036308453487797
12016774,0.23154012182577952
14011825,0.7502401700559044
12019219,0.9471983070923798
13042216,0.8069010705307524
13040177,0.6775373310158639
11032745,0.5977050803155636
11101601,0.5064125568947223
11045881,0.7483904112568068
11018399,0.5017115847979342
13033633,1.1135653883251828
14005568,1.2269626857601619
11008332,0.7740607137732523
11101402,0.8050227752031864
13028630,1.2726696851084727
12016783,0.7601858303469069
13019309,1.0690371599776392
13003665,0.347417459504149
11026323,0.5982154542467932
12025611,0.3329101678914213
13004083,1.0992438935786677
13028038,0.7334062928419716
13002680,1.2015690967704769
12028175,1.0966253479549166
12021406,1.2388848214640682
13012621,0.938948630510292
13016047,1.3039790601017525
12012908,0.9504559970848886
12019050,0.7476245267454349
14018811,0.8293420874280292
12025237,0.6705832513820926
14007114,0.8122218782660399
14006161,0.6744462339353371
11101000,0.8013698185589074
14027646,0.3205042406050268
11024939,1.1681449426457897
12016075,1.0716349804333436
13058749,0.29113775660344554
12016047,0.7481589108606975
11008362,0.30953401597777236
13019643,0.9413407792135577
13050376,1.1570928513613044
14016729,0.8495690115868372
11021248,1.150356603999371
13011601,0.338287696912387
13063195,0.8284488409964333
14011853,1.1520773798614123
14022866,1.086546726092932
14028942,0.8742834727214879
13018981,1.2111639751279102
13025203,0.4095569992269831
13016976,0.9123028107812812
11019338,0.8652776662728643
11021120,0.8864517163167148
13024969,1.2505825389858587
11051318,0.40449304772329514
12020842,0.7453350417218308
13047916,0.6263154338315441
13026172,0.5874159502670186
13048456,1.210745997498812
14039630,0.6608669595403862
13043329,0.8239986013713179
12009386,1.0736499013265683
13063872,0.9543581785227485
11053072,0.498495621940329
13017983,0.5605545411899127
13012029,1.269412466267361
12029342,0.6913084990060273
11019507,0.8890797892654524
14022459,1.1270884035035469
11040690,0.5345305230420452
11014432,1.0510508904684792
13019614,0.7062119925124919
13033507,0.38711307711180964
12027368,0.34923593281624443
12008548,0.9631197773707887
11045055,0.4737510162844765
12003814,0.7864734426892328
13028379,0.8941000103468217
11038195,0.3633621082649286
11051849,0.7962537026929071
14029316,0.5934176122831579
12020356,0.8998865281440613
14022680,0.7574729527474309
12003667,0.9687861111305153
13048566,0.3480788709524219
11051133,1.089529240430973
11052543,0.9915675170934626
13063025,1.080677862058884
13012846,0.6304450386048258
13018550,0.7462800503387994
13004291,1.1321085102178567
13027933,0.8663135626284069
11019822,1.129037393364423
13035422,0.8212599801785682
13100282,1.0584922963213304
13020620,0.7864236196789651
13056104,0.7612334230099338
13019217,0.8086682414678501
12015688,0.8122218782660399
12017007,0.8122218782660399
11028136,0.40497033412281114
12011347,0.337364513060045
13051885,0.3602484602237825
12011226,0.8570316111699996
13032659,0.882010456434212
13065151,0.5140077470756161
11013060,0.2993216434913455
12015416,1.018245470702092
11051135,0.38343059220863346
14013153,0.5663803080851679
12016806,0.6309214689809713
12007598,1.0813532456963013
13042616,1.3261663153065126
13033962,0.4210050537963295
13017339,0.7387541706127656
14010854,0.3421360578452269
13049619,0.9986724114077342
13050984,0.2995241705278903
12012169,0.8726044266061298
14011723,0.7744743561219668
14014083,0.8611689590166878
14100379,0.8212599801785682
13026128,0.5476318746503939
11026452,0.5597833195074696
12007606,0.25291871828286533
11040772,0.9382635024661471
13012963,1.105893994422272
12003990,1.0514937437751068
11045221,0.364872043553251
14018066,0.8122218782660399
13032460,0.298940135297462
11044553,0.9596540908581906
13018424,0.7152933279683272
13004265,0.700128216914828
11040653,0.49369905938286796
13025488,0.22695146738441485
14013147,0.7565893335899827
13043555,0.684940010245369
12024662,0.556109159668723
13011213,0.736067749056301
13018012,0.4810835812106975
11050735,0.9289364005660236
13042378,0.8767811495223868
13017851,0.779801783288206
13025733,0.9220135953823739
11039254,0.6609060189835586
12015649,0.9193350356946033
13004223,0.45423263866530517
13009276,1.0263226549665057
14011412,0.7284810305844138
13018600,0.7057658379270455
12015983,0.794552770600445
13042309,0.48298732625579166
12016382,1.2152684141913448
11020619,0.4741579770445153
11019146,0.5250621363920326
11007754,0.5814410339125529
12100029,0.7512704520785896
14021986,1.3349322977098854
12013446,1.1593304495580046
12004763,0.4514078613052473
11013900,0.6788391874473997
13101878,0.6970676615956121
13010297,0.6830583581934971
14101007,0.41098447028071133
14018440,0.7478057031242386
12004441,0.3772997229313608
12011622,0.8007591883567913
13024727,1.0081224406504372
14011136,0.8757038522957117
14028150,0.3615584551487071
11026751,1.0578715780927919
11040025,1.1817347615891463
13036550,1.0269981838990103
14007355,1.1661630451515315
14032650,0.7456123185059775
11025178,0.9755616222107399
14016583,1.2493909562650483
12013211,1.394365313181073
14039502,0.49839166535425194
13019975,0.3826865360197241
13057956,0.4364531672357366
12015364,0.8122218782660399
13064843,1.1030479015969585
12013021,0.9251502219132621
14029122,1.0095433535771676
14011175,0.9924865158186079
13012419,0.8562828726465623
11044972,0.3535960953700555
13040842,1.1815323739858121
13017229,1.2475924379599157
12003817,0.9003939375761776
13056058,0.5846676593424476
13004104,0.9291801834863249
13058119,0.8419013298640258
14017093,0.6611905709050254
13019047,1.0304089276828887
14018061,0.8122218782660399
14018456,0.5220226475872586
12025204,1.0998421775750038
12025908,0.2957531675123039
13021235,0.47509732132153504
12007878,0.9660554335733066
13034464,0.5730717848083755
13020536,1.136613964717602
12008210,1.0992018537793056
12016318,0.7376715027471943
14034710,0.5989064775417339
13041461,0.7482664535523089
14018319,1.0409783760789806
11046512,0.5317333446873064
12027415,1.0941777234172103
13011116,1.0247580868300665
12016826,0.4199676298190948
14028018,0.8886070850472525
13035333,0.8426292896512065
14022240,0.6611008438917627
12028956,0.36169387528152525
13011171,0.5563140687175415
13011094,0.9136681511744157
13062927,1.0950876598326869
13027510,0.28710728095950266
13009465,1.2273583994148147
12008743,0.45087162159288696
12011124,0.3535935055761898
11008303,0.6992423422120648
13026577,0.5051215754506034
13028581,0.9580141390155079
14006717,0.762845132914834
12013472,0.7110121728685354
13035941,0.5442451489431201
14013577,0.8341983675064206
13010900,0.412983773131357
12016167,0.7119838394170999
11013217,0.9157997209880989
13056823,0.42839157915381554
12004568,0.8575439176913785
13040209,0.6393874443321707
14101541,0.9985055166633584
13055504,0.7830529400885171
13028105,1.2117534655047588
13019790,0.48472841433390434
13027514,0.9854807333980142
14007539,0.6862430090356746
13048573,0.16036714192341542
11101174,0.8212599801785682
13009721,0.5502719717703596
13058805,0.6690636321992169
11045092,0.7984722970177103
12008807,0.8096905609088496
12016928,0.6671140583711741
13102010,0.6289556372892526
13056716,0.8676133304720598
12003856,0.7801033753298185
14033172,0.5388666750444634
13004609,0.8919043743444379
14023375,0.5009419547046378
13024646,0.526760348911889
14018106,0.9017180939550731
12100971,0.7617579549501221
11034316,0.9676042014117106
13003432,0.9176345433436781
13009724,0.8215712699457439
12017286,0.8634397988419737
14028181,0.8122218782660399
13040515,1.27925538597914
12024677,0.9092560833421248
14029001,0.6882178901796957
11013389,1.1880955973015974
12028356,0.7599918779968027
13025383,0.46639649861196786
14012711,0.7695803428444489
12019887,0.5917578108654351
12015310,0.28820711734942445
13044297,0.7073187401865861
11015222,0.4894864377048758
13040634,0.7313748188079943
11043877,0.35517207712467325
12004177,1.328902864141608
12100933,0.8122218782660399
11033577,1.0248105681877042
11045649,0.9724950117413899
14039545,0.6133989893678291
11021670,0.7423547878349641
13026470,1.3515929833719045
12017417,0.6292211469623736
12019805,0.796266716693316
14021937,1.0246773347193128
12011823,0.8465414488192607
11050830,0.36399613668725017
13064781,0.7793435210346331
14013258,0.9371800701575725
12028649,1.2953700259809824
12025604,0.43722104619214136
13004748,0.35447868708261343
13042046,0.4738327276510772
11033855,0.8536364833721316
13003431,0.7605331656836066
14022322,0.9254404394436623
12011565,0.7814794139182833
13004135,0.4635778901734065
12021039,0.4237108422078048
11044900,0.49440389786428823
14011188,0.45156762076624346
11019195,0.7535201308079237
13011177,0.4973377117705902
11006484,1.1409361995456304
11051401,0.7502069634385297
13011165,0.7542058496653307
12024727,0.7043264798771647
12012811,1.3292863570257147
13057566,0.607240003274336
13017243,0.9042628139013422
13027391,0.9562929806765758
14024649,1.2041636303575187
12028011,0.7259758402366283
11050848,0.25268207083126076
14006148,0.2955394121142409
12100914,0.8122218782660399
11033839,0.4606609286892307
13059123,1.124096694583314
14013713,1.039639391447657
11014276,1.0487285068318184
11025794,1.0428688775389767
14021785,0.9437749155290969
11008110,1.2776548373903498
13035128,0.8548209056463877
13019986,0.6897948221673591
11038339,0.4650034086201781
11021783,0.39544281059954917
13009448,1.2573938932912625
12013128,0.32817868717022064
13017389,0.2564162106586366
12020949,0.8388712355473129
13011103,1.1045832257585007
12024346,0.4158322306459938
11051162,0.8302628950923228
11047418,1.1959059454503282
13017347,1.095095416793089
14017077,0.980970379565922
11033900,0.3538316021997216
11100966,1.0734773011058392
13002831,1.1198947719526924
11007811,0.8969628149034937
13058707,0.8277228502809879
12019672,1.2637785446854632
12008849,0.920517174545426
13019877,0.6170310683843465
11044633,0.7769378105069504
13018372,0.9741013730177142
14011285,0.6999020426717217
13033910,0.5781131185295089
13050535,0.33306541766275605
12015889,1.0621815468611284
11040225,1.0395052753680982
12012436,0.6473463569158623
11028611,0.5128427828677243
12008117,1.0293741919248836
12023608,0.30576642444595586
13034693,0.6009379808478328
13057617,0.8122218782660399
13024633,1.2843870710026533
13019782,1.0641194721841958
13042954,0.9718448362154982
13040723,0.22438250687760417
11014814,0.7064756002913177
14039307,0.38144823058544325
14023053,0.6039839346700007
13033014,1.0310208181358353
13017937,0.6014211866917312
11040832,0.5599352822869041
13034812,0.7009035135493624
13035243,0.46777817072641587
13041373,0.7694723554222423
13034596,1.1037919838740482
11014372,0.35309560273100427
12025236,0.4926505643615231
11051526,0.5686950440933664
12011910,0.8122218782660399
13026607,1.101533315171255
14023346,1.1786458598255443
11031463,0.37487762497342064
12017252,0.7203588746222185
13041836,0.41953977979155344
14023326,0.7052100260519585
11013226,0.8979847524391688
13043023,0.9346109191712171
12019119,0.5970170473979587
13018068,1.1906887514548934
11021737,0.19508442994246855
12004406,0.5275891312243876
12009042,1.2071147042545718
13003489,0.9178501895522756
13024760,0.3896220601968951
11101263,0.8122218782660399
14033266,1.0849309045704327
11025710,0.655269839106853
12023747,0.6753339976389908
13011960,0.5352007978596485
13003418,0.701289883221457
14024594,1.1971942382982486
11032633,0.5496214953380788
11046823,1.0906218082295929
13100496,0.8122218782660399
13039890,1.2673760710338204
13025469,0.7107423505861473
12019469,1.0008193782983805
13057500,1.1655902250886574
12004178,0.7780262068543511
13017219,0.8031018153960895
13004220,0.6641582193054252
14033830,0.8153486111157884
13024741,0.4236254469350587
13024936,0.4833665466182165
13064305,0.3281924177833963
12015584,0.8996933348916498
11032806,0.8122218782660399
12007361,1.0701963537500663
13004198,0.7901062877081464
12005170,0.5050928527390884
11044724,1.1395602568970433
13033832,1.0627340969279893
12025415,0.7295308176738933
12011819,0.37726550710293066
12016360,0.6680496830045771
12020505,0.3664765494519815
13020551,0.2906850058974692
11019768,0.5679794745011597
14006031,0.4736829623515294
11040230,1.0410135288940565
11052766,0.4353309337481938
11021604,0.7051438109555201
12008830,0.7439123247240972
12016352,0.45801641510603747
11052021,0.31548296622213534
13043012,0.6953298935533858
12003582,0.9498982389483447
11021655,0.8015439362275361
13027438,1.0159372608498332
13026702,1.0436344066972625
12024507,0.8275012954623218
11052689,0.7619304614957605
13058625,0.981521228789369
12016390,1.0265635993057687
11019748,0.3122118544784612
14021935,0.9565551119995895
12004611,0.40076586463625036
14021836,0.9450714098520209
12011503,0.2578228597583696
12023990,0.4749543057261225
13003336,0.927238096975565
13019696,0.9818909549524665
12008187,0.7979748552560322
11045753,0.711587220021248
14039056,0.6153876757221306
13044216,0.7849760662190566
12012612,0.7959942310660059
11041324,0.7395675558368752
14012553,0.8122218782660399
12019382,0.7205305055177778
11027425,0.932152748216273
12008933,0.7972369064464159
12100324,1.1581635977315659
12007628,0.2680043414499148
13101265,0.8844517280847259
12021438,0.9969399674380028
12025001,0.7071906246288965
11045672,0.8187885941123013
13020517,0.4599167178503313
13017363,0.4746896695596246
14028144,0.5280583736536342
13034618,0.3083656136849836
13101996,0.6351005321905574
14033041,0.4610822027617707
14034288,1.06731383721923
13101155,0.8113059081461989
14100540,0.5942571165908569
13034831,1.2206780037172025
13010480,0.17374430934368615
13064130,0.37937596315226574
13017125,0.9838148646541591
13025427,0.9619289627089774
14016989,1.0686708578177462
13050588,0.6804978554988687
11027847,1.0065021375344008
14035190,1.0231652731993446
12008929,0.23154012182577952
14100612,0.8472805721140256
11040107,1.0034143550193593
13005497,1.0057688627236185
12013525,1.1835109568652715
13009259,1.1927359637837285
12029077,0.45353379830391205
14033840,0.8011928108701573
11052641,0.9660933143191098
13036403,1.1617300748213626
11007868,0.9792611628059473
11047609,0.8721889606931649
11100604,0.9255186811237541
12004966,0.7954662764839365
11047075,0.35355380435700035
11034230,0.5764458994788414
13043055,1.123329479999842
12020946,0.4910233670927437
12008207,0.8116188111811226
12004783,1.2872032511294207
11040007,0.49293550754214194
14007353,0.8873734947727303
11038997,0.9440362565138212
13024511,1.0703530826036953
14100998,0.8122218782660399
12016119,1.159554473605085
14017493,0.4131131851825605
13025515,1.0313373637303211
13026782,0.8418040780791828
12015485,0.3791298798252417
11044343,0.47446766459028444
13020374,0.7321637424702381
14029368,0.688933981009824
13056061,0.9697419908183929
14006737,0.7130048003175116
13019992,0.518481504235361
13057338,0.45683837277657635
13012268,0.7396662290633326
12016552,0.321382182023442
11034350,0.7333266187785296
14029210,1.0271754378968454
11044340,0.759526975303604
14033623,0.8015433755844373
12007914,0.7374250528340083
14019347,0.9257023876358297
13040638,1.291022640005676
14016842,0.9111804833057293
14011985,0.7446663789351131
14016657,1.064467130976767
13004993,0.524799263512939
14100787,0.6987064676726746
12025629,0.5983238779545169
13024970,0.361533203600364
12023748,0.7567362940472071
13019729,0.7595999949855445
12015276,0.7843182511568106
13043746,0.35201604730881153
12017118,0.3368395638751307
13012179,1.2379676772149288
14023327,0.31817021343836394
11039157,0.13428797887062988
12100437,0.6068928677783473
12004165,0.47388610851543983
13009799,0.7419913142418726
12015470,1.0116567476361935
13003830,0.2173845665772813
14016268,1.1834531015250382
11025841,0.6982643023089796
12025132,1.3266804668646015
11020598,0.490039487582565
13057430,0.42127885481421584
13056934,0.963208979933638
13031725,0.9018069203855777
11015341,0.49831607621403695
12004139,0.9663814150390936
13026003,0.9339077564601779
12007575,0.9691604880457895
11013290,0.8303809159052217
14028483,0.8413441423617595
12024751,0.7199602267488789
14028941,0.3610736106231557
13026787,0.3627383415643892
13056906,0.5314357899122325
12012244,0.6095826826382372
12029038,0.6677703666507843
13011786,0.8414478954161576
12009263,0.6066437136327654
12025032,0.7816599271086144
14010828,0.6692527992781291
12019695,0.289466259999283
11044036,0.4551552693084173
13043691,0.3277744808485532
12021004,1.2016940545790122
12027746,0.7583048861065854
14013211,0.9920951303752805
13041572,0.5720537735065497
12016388,0.4819050485329027
12020375,0.34184840847880843
13010953,1.0867148523157932
12015999,0.8665224492659758
12004790,0.46760959356010945
14013316,0.48157275817361855
11051633,0.6913894870036045
13058189,0.32676240645428367
13004732,0.5883980957353314
12011775,0.8618628284452441
11047302,0.9271004454668506
12007757,0.9365766643906821
14022642,0.9012524473139186
11034765,0.32032896499920566
13039998,0.6986678128253795
13020544,0.7533251573364875
13009854,0.4044141638421301
11040726,0.4879519594729164
14022010,0.5653134515680105
14007565,0.7076252091976686
11027040,0.9059001048595737
12008520,0.9345910207664868
11007266,0.4048139518284981
13049724,1.2779802458818335
11047045,0.4591303593249074
13033008,1.2605176958503395
13025290,0.8372555901196251
14012102,0.6506306812019385
11047058,0.33522433720571904
14029349,0.8122218782660399
11044631,0.27700178537031944
12020230,0.7244418253538393
12023330,0.3249190065446645
12028669,0.5230053069482925
12016467,0.7830232222313174
11034313,0.8460454541240446
14011872,0.8122218782660399
12021199,0.7839346635885786
13012864,0.8142377799137593
14028677,0.9095325467550501
11020161,0.42217957720645977
13034904,0.8212599801785682
11101579,1.077638467846636
11025720,0.5818618681463305
11032736,0.31238653809344086
13043400,0.8893908109159406
12015835,1.0797440114553634
12008456,0.9060583586577053
13004522,0.5722783587211472
13059007,0.9653477871959796
11013858,0.4031186077298653
14011289,0.3492739076632013
13010627,1.0466564889215493
12007449,0.9211687750797931
12008603,0.4729403214352616
13041457,0.8208962969092767
13051050,1.1732724008591295
11033260,0.8905555620895501
13034519,1.2561521221515635
13034443,0.6765581796731354
13025699,0.9432222133546828
14011741,0.5097606844027612
13025048,1.0380394123396515
12009280,1.1482413403373641
13050310,1.3020283855685668
12028177,1.1708644012275031
14023454,0.560699443787535
12007729,1.162142941049133
12023905,1.255418357806482
13034963,0.8122218782660399
14100614,1.085941633425666
11044511,0.7529516025888905
11013236,0.5030780692385226
13026578,1.211120224803007
14033661,0.4621205782701577
13019303,0.7627289755108203
11051978,0.23963263757929024
13003783,0.9808047421973586
11028029,0.3559002354636361
13017336,0.4211224710836831
11033779,0.5039927632876525
13057749,0.5121551154804913
13034629,0.8321087961652524
13004320,0.9821099852854539
13004103,0.690038961223386
12023753,0.7140095895049697
13024743,0.7938573396248348
14017206,0.7611862475565513
14006711,0.677258143851102
11051563,1.1107452244094964
11020273,0.3148104418588609
13027621,0.47069768039249354
13051087,0.805221912839132
13035252,1.021378774507042
14023726,0.6031201492606127
13026228,1.2086964638302102
13016918,0.9983091957032177
11041352,0.48770050239601476
14039088,0.44588729950314376
11050787,0.6261658813336978
11101105,0.9830690095949002
12100949,1.0011892520612913
12021083,0.2987820013523899
12019815,0.9512330377943274
13041944,0.35614195408982163
14012460,0.8122218782660399
13051772,0.9922912311368632
13017135,1.1853940031207137
13034601,0.9449515726139387
11033830,0.6747626967635836
13040176,0.4883866935721864
12008326,0.8091209239870956
12023825,0.8122218782660399
12028773,0.8122218782660399
11041081,1.1476521055283224
13033262,0.2861018722588243
13004315,0.4216406888501854
11020727,0.22685995589232816
12023600,0.47261855024462335
13017355,0.8904422830600639
13019256,0.6814701046856093
13059396,0.9018898530551628
13016239,0.7958328821560661
12100417,0.7619663540301805
13012904,0.5331722404384253
12007920,0.8241349165552354
14033812,1.1309516577989602
12004474,1.242466428906604
11033372,0.2433318032199335
13012126,0.8122218782660399
12005123,0.9681639422393605
12020727,0.6450768539466853
14007137,0.8028513610285296
11100802,0.5675283606935333
13034113,0.9415293364549241
11051201,0.9622334571741606
12005456,0.4562802608943142
14023234,0.39173438608296945
14012894,0.8122218782660399
12025094,0.7724578449238121
14011759,0.6328716492723564
12028393,0.9198792841099521
11014901,0.34738786948695044
11045205,1.1647680199713089
12028639,0.953417917311628
12019709,0.8122218782660399
14019342,0.8316585659622684
13012352,0.6983130021297311
11007332,0.7049708719450832
11025749,0.6818059506078352
12101390,0.9045990146590615
12024479,1.0959554777831175
12003536,0.631622977627234
13020095,0.2586428862436317
13026795,0.763890114906845
11052394,0.8219977822366643
13034624,1.055826454849138
13040082,1.0091837779610755
13012383,0.34310587774411677
11051545,0.7507002337231623
12029377,0.6424422712962985
12021080,0.8013376885270834
11045071,0.5294627075836623
13044163,0.7483339436442364
14026711,0.6444121350948424
14101264,1.1805154097149557
11045549,0.4394483983757099
12019543,0.33973787230784713
14028554,0.6708744733412927
13051437,0.877563912997922
11007034,0.8412575422910998
13024003,0.742876067133716
11041315,1.0493769803908133
11006771,0.2936472431014269
14022928,0.2921908231410353
12029411,1.217405931177163
11101160,0.8837253903268976
13041530,0.607941625540157
13048516,0.5189793147712866
12019424,0.9382185912024616
12020045,0.28228965945288487
11021666,0.6624777570222016
12005447,0.42738202666449565
11034769,0.22806300758008533
14027545,0.7587208650825638
13043068,0.8306900851935699
12008533,1.0616660082318177
13050450,0.7332468721833741
14023661,1.1590146848740186
13035086,1.2046915110345502
12100525,1.0461068402845035
14033536,0.5527623514456915
11040856,0.6356151914191775
12027932,0.5242784203149281
13002872,0.6740060264228072
12017000,1.194128375949241
13064530,0.5816766822533468
12028985,0.9031448562591248
12028019,1.0259066309282399
14035181,0.5147879184186601
13065177,0.8787901270034854
11044863,0.5099681115316941
11052033,0.9593101090443307
13035943,0.732031349393405
14023291,0.56839453992496
13020527,1.1672112479506762
13019861,0.5422587376579528
11045409,0.8370073522115163
13051079,1.2452086070191823
12013503,0.27741325244395587
11051163,0.5579188937869685
13041621,0.5109401007756734
14034665,0.3859672895746405
13063591,0.9789985376057767
14043854,0.7883240333357754
12011846,0.6901373310077875
13050655,1.0655891053951476
12011513,0.44790279623209817
11032900,0.4377271533329217
14022011,0.5782547541610609
12005110,0.8361972329090411
12020697,1.2120825676694662
14029541,0.8122218782660399
12013547,0.4069154965185063
14023045,0.9452708500984577
11014883,0.43111713357491427
13010543,0.23009657649149037
13033830,0.38149632406274775
12100280,0.8498039083092289
11014108,0.7525498157113663
11024931,0.44772577263077523
12007912,0.8450684003488881
11039061,0.4606919434692907
11015247,0.4038833066458301
13035052,0.6348849653767363
11052625,0.7632764626779063
11100202,0.7201928479470487
13004254,1.110534095924265
13005332,0.8909675018738811
13011184,0.559541001629694
13043034,0.4100582451155964
14022237,0.9841623961708049
13017987,1.1370767599921654
11051580,0.9576751304769435
14028073,1.1814321062471744
14028855,1.0086495121878585
14034607,1.2031898007039414
12015887,1.1588002294354034
14007054,0.3532116179306839
14028832,0.7923489186740224
14034297,0.8425566160108445
12016329,0.24314255381878006
13011526,1.2481497923532938
12021101,1.4342474372655218
14017719,0.6775662850436958
11037887,0.754638929951845
13063478,1.1754218337804367
12019604,0.7243486388992418
11033178,0.7379541026084745
12008653,0.7237880565694262
13004608,1.0391504600788062
13043167,1.1739610559734637
13005496,0.34645158604853066
13009543,1.2210041123441413
14006992,0.6795316361237574
12024196,0.9143449085292839
14023741,1.1278163921760143
13101067,0.936764382061822
14100499,0.7383837033662117
12028467,0.7317529966410016
12027597,0.9478513442862899
12029471,0.89982845460423
14101010,0.8122218782660399
12017058,0.6106211594088162
11027054,0.4929681321414948
13035207,0.47236997543973147
12019919,1.3434039684458736
12013241,0.26887221039104675
12015635,1.0147259657623038
12015967,0.9717718157235662
13026391,0.9992515470545756
11013585,1.1477327601263807
12011933,1.2679756158212456
12020424,0.2670019894835762
11040179,0.5874145379102982
13010464,0.951080956292297
13009796,0.44115980419222406
14012289,0.6143412539339509
11033292,0.9895640582443398
13017955,0.5501930433780338
12023687,0.4716040793740196
13025463,0.2828812769272653
12003965,0.85261736337245
14018756,1.0742587599593683
12008826,0.7173765376000861
13050852,0.6579206428200423
11052446,1.0618953623294525
11045662,0.8962471646820988
13010817,1.0549391940300665
13049807,1.0887402748962136
11014133,1.0938325952651076
13063157,0.6460581837383744
11047491,0.462638423510053
13032803,1.125634490769256
14007945,0.7721948890022596
12003737,0.5933292757115132
12021312,0.9791388219313286
13057487,0.6112093016365391
13035615,0.9529590541945434
12029106,0.3991087592422881
13040601,1.2187343284906065
14016074,0.6832611508317535
13064327,0.46208696937804816
12100420,1.2236732824215804
12028544,0.819126003014039
12009047,1.096834051540619
11026598,0.5498285390281845
13036013,0.6323985638219037
13012416,0.3666273889307677
14012163,0.6775018540791428
13042370,0.5434632833519719
14100646,0.8884164675468172
14027038,0.2415241267524894
12027459,1.0136647427096204
11033221,0.6497581954631385
12019502,1.1115421640725278
13019225,0.5395984555811935
12025025,0.9542294923318504
14022962,0.4895096256346317
11045619,0.7466618025840385
12028299,0.2721489538171602
12021047,0.5625376442854042
12024386,0.4458527193322353
13035870,0.6813293253726694
12019646,0.5447639406869758
11026276,0.4249110034277842
14033847,0.6574474429223667
13017285,0.7025635833176633
13049844,0.8553379825698554
12015444,0.9857292338525585
11045716,0.7757064233474732
13018333,0.3626211125866605
12015593,0.7956622803137947
11045031,1.1501495636846346
11028075,0.4345464895449833
11040285,0.7439971036427346
14100261,0.7717204423378662
12015548,0.7479462579972193
13041809,0.865330043333403
14007091,0.5070113161331278
11039698,0.671275625390152
12015024,0.6078337935185345
13100736,1.2701927974104392
12019571,0.6305598915658244
13056251,0.32471575897835786
14008382,0.5091096489508009
13056835,1.1303041050247775
13051796,0.7427587067404718
13011152,0.9900431066070778
11007781,0.8339199579502562
14021961,0.4950460414807998
14022356,0.5539091187143628
12008621,1.2209074187828817
12028986,1.0192799226610068
13018648,0.7155001586514491
12004391,1.0878308415873106
11101172,1.1822254087237205
12016853,0.8810806966730151
14026915,0.7840808162968429
12029386,0.4077421466123538
11028049,0.4353902159567067
13049586,0.5856920256887475
13003802,1.1744937112169898
12100598,0.9349792908763865
14017419,0.5406996308592532
13057354,1.1113087578828074
13032469,0.5558598437274974
12008558,0.5268189683552775
13012290,0.9550767829338418
12100304,0.8704570982297349
13044107,0.6585908763584165
13035277,0.23021246679078178
13032322,0.8122218782660399
12023344,0.8067083640733578
14008423,0.628475045026418
13028622,0.9957030225375433
14039646,0.8181754801609743
13017218,0.5757140346865538
14005636,0.7105898616069963
13032938,0.7840505043785552
13050617,0.7627153065511347
12007462,0.9046624984427984
13100697,0.5217599514692673
14029829,0.6936921544226597
13025170,0.9907413017287108
13004735,0.40549598381343394
12016691,0.664304742021562
12019450,0.9525936430796302
13035775,1.0352890785069537
12025488,1.1531838477603233
11039617,1.0671222643557277
11033353,0.4711430234794333
12008844,0.958320739027154
12020038,0.4665262086724792
14013282,1.0905320995313805
13034622,0.4631535506136087
14012728,0.8122218782660399
14006681,0.558867772723109
11044379,1.3212996635970045
13010477,1.1256064884229435
13043717,0.9372647646825846
13012368,1.0020117288294328
13017181,0.7117286196467237
12011912,0.606380877975491
12024844,0.8665968979629357
13036593,0.9562407675934067
11051123,1.0672929966817184
13049875,0.8155983353103676
12101166,0.8128932227784893
13012973,1.315154480562808
13003566,1.2638928762882422
13028008,1.2869126539564057
12021024,0.7217150559283425
11027928,0.8460454541240446
11014805,0.9161225879249478
14027501,0.5732796520145363
12005549,0.43314042933008584
11038647,0.907714736388713
11033824,0.9769381072951744
14101248,0.6314995327619709
14012324,1.1509396571169441
12028661,0.8821860373403029
13050331,0.7983029547471294
12015765,0.9104877892452884
13018875,1.1426129371705913
11051074,0.34184840847880843
14013763,0.6001734377832598
11019067,1.163849417953322
12019380,0.7890181038325516
11020771,0.6323718786252857
13009951,0.9728500142148426
13010258,0.9865863741371981
11045710,0.39826677132570104
14012022,0.9028282767763711
12025788,1.1499552000339972
12008905,0.6408799638728256
11039105,1.2437238261605326
13035251,0.7342640628519236
14028085,0.867405556543867
12025418,1.338183363986247
12027356,0.8019074220806842
13004601,1.217104919138118
12013393,1.0671824056575823
13042070,1.2928517735028875
14019041,0.5160603725051119
13049147,0.7963976724497535
12004029,0.8816072287105315
13042300,0.3279054360143597
12003671,1.1862966324699187
11050792,0.37948826896275106
13020375,0.5693675450382627
13026886,1.2725283612636553
12020324,0.7348218500249538
11027270,1.1163966561683631
12007583,0.9735177495992714
12020798,0.8122218782660399
12017441,0.6393788024630677
13026185,0.6380581392216315
14022564,1.1073763604154696
12004759,0.7952766116681688
11041377,0.836633092379068
14022777,0.4758818656800829
11019675,0.43655793164953605
13026820,0.7345447521076525
11014346,0.269690183862972
12012934,0.8212599801785682
13008961,0.30167641792514827
11013323,0.349634764148691
14016300,0.9059876261639322
14023704,1.2540207323798755
14013707,0.727058297056515
13026459,0.51213374894998
11038525,0.43809388640501873
11032740,0.3332526220247914
13033929,0.775895510525189
13049861,0.8881431342427325
13044063,0.7601182430630999
14018457,0.8122218782660399
12013199,0.8675224097737992
11045486,1.0175159005960939
12101370,0.5791407031555704
13034650,1.0326831580687206
12007970,0.9091531398280953
13028093,1.093971849448643
11046258,0.7449622988243686
11032119,0.4808567048332814
14032729,0.925511078403131
13027440,0.8292569277254825
13018477,0.7294322265959974
11052546,1.0012914259934302
12005595,0.4685122108737825
13010197,0.8777465861130328
13039960,1.069477664398421
13051927,0.8984744293030018
11051206,0.760072474737396
12016373,0.7490967911016196
14034520,0.5363509687909445
11027702,0.8460454541240446
14028542,0.5733482603036497
13041629,0.28474449175312067
12023980,0.7119067193123112
13059467,0.7609756941789969
11002218,0.7207825050838272
11019070,1.2001925764784462
12011951,1.0280406901113799
11053151,0.9386878525758519
11015190,0.9712846135972905
12004738,0.783561453009817
13064086,0.3502962856341174
13025089,0.221446455866998
13033061,1.0970127717343154
14101071,0.7713437324600845
14027658,0.2662666112435409
13033022,1.240591849953285
12000840,0.4693708164930756
11047288,1.237965443705882
13024813,0.6601449219560498
12013534,1.1716498812595146
11040129,1.0120446863593575
13040031,0.36541573473782624
13019597,1.294008806508832
13009547,0.7796288273760161
13027329,0.4708589101054588
14011327,1.0079817476491846
12004145,1.184021430990678
13041422,1.2942088303770438
14100972,0.8212599801785682
11045081,0.28689722777415055
11044649,0.378260651321338
14016617,0.5144786621745449
14034389,0.2520839803146662
13043368,0.8122218782660399
12016740,0.5654970241222289
11046355,0.9856043147732354
13064632,0.46354394876861077
12025511,0.8122218782660399
13004627,0.934200805250889
11007297,0.4373350099192019
12028686,1.197747602369058
13043634,0.964241509719137
11037452,0.7786986185870952
12025637,1.2218009407599326
12018855,0.3977307286332982
13057208,0.7932786743235091
12007508,0.8673738795167842
14012607,0.8691348185800454
11021768,1.0941384591689796
14018582,0.5847471417420407
13036675,0.5747869887129743
11027576,0.1536148792868667
14028982,0.7040316858541988
13019786,0.8756125011920045
14017834,0.7185575471545907
13039549,0.8122218782660399
12027979,0.5289091327147035
13051890,0.4191806884828167
12015298,0.9731562957662259
12025571,0.959139506269897
12020049,0.28486840869794056
14006016,1.0199034285747848
11027084,0.9596854584424113
14012351,0.8122218782660399
13017841,1.0716153326739761
13064321,0.6826341419429768
11040764,0.4232040536585346
14012693,0.4859834402542775
13056598,0.6648974435027802
11040683,0.7608244638909618
12023802,1.0470546901239806
13024700,1.2692132056610266
11026856,1.1131337426714505
13027707,0.6427117928592355
12003837,0.968340866190084
13042884,0.38167604675546046
11025655,0.6346155808172871
11034944,0.8751276449961864
14027745,0.978196125729456
12012563,0.9713425916156628
13102000,0.758310428961806
13042690,0.6882579668223984
13011773,0.6789824939189899
13034914,0.4999797923521221
13028066,0.6752280179855483
13033281,1.0613303989851526
14007797,0.5340337302067377
11101144,0.8122218782660399
13056712,0.3282950094185314
13027359,0.433761647322925
12011844,0.9362193396971622
14021964,0.1805633923299521
13020158,0.5096114287833344
13028529,0.4257732192922936
12025304,0.5871968057300345
12019454,0.9660554335733066
11040734,0.487842955596847
13040773,1.0024827054698429
12028305,0.6345520859962698
12011605,0.3829886074334029
11019939,1.0701490588514058
11034417,0.49666073291928475
13010717,0.2847720975833912
13063474,0.6908356658056247
14033325,0.5985535720051259
14007506,0.8842703214454982
12008544,0.2461697608557127
13048226,0.36196456428940593
11032171,0.6113225309106936
14006645,0.5481717903781261
14034758,0.6783229255815555
11052762,0.6106934132109564
11044261,0.38061561996948057
14017835,1.108146528159534
11008235,0.8460454541240446
11026243,0.460634007752389
11032185,0.8212599801785682
12027966,0.9825758755550158
14007593,0.7224827198213378
12005214,0.5227758459874745
14035078,0.5322201686752035
13019585,0.9361850522228967
12027958,0.9325851902275325
13057993,0.7646566582120023
13012241,1.1497927507813126
11019174,0.4876086130631067
14034714,0.6805821223696469
14021629,0.6918630923291872
13102013,0.8212599801785682
12017067,0.8250148251462993
12008082,0.7846111695874199
11031737,1.0466391045779204
13027268,0.8057436441498426
14007919,0.3951628123954349
13040425,1.2195737315586426
12028483,0.37357218366933925
12015208,1.2317391744545017
11051990,0.2296064498213778
13042264,1.0639358329181705
12023310,1.054386184537703
13026173,0.8101199379136076
12007461,1.1646901177796012
14034398,1.024062705762796
14039132,0.6983529955517529
12015963,0.664101985470495
11025774,0.629799884427006
13058243,0.7612883098318094
13035959,1.0361491157770955
14012548,0.6197584239345015
14027215,0.49459312687702506
13039602,0.8519045065051261
12011882,0.822807962726631
13050461,1.1447525288699925
11033667,0.576512163817701
14027466,0.9227094749843322
13063576,1.113509627280311
13049877,0.6911878504828959
11027848,1.1861969689110552
12028330,0.8022371831461559
14018950,0.23423759648919543
13063958,0.6335635890966367
12013212,0.6232114625892836
12027974,0.6819603747889933
14007014,0.8230810698002755
13009491,0.721226098923975
13056098,0.6931094616014062
13047791,0.9730096497981641
14006174,1.0433380028030852
13033217,0.38068851778060836
13024838,0.8122218782660399
13017991,0.3858064317867133
12027602,1.1646901177796012
11045361,0.7211977490869219
13018046,0.4998389436614909
14006651,0.9215611685745537
13035980,0.8183846447716926
13049784,0.6705686721512696
13004227,0.9768407389773769
13011409,0.7332779565452909
14022776,0.8196504745779903
12008652,0.8122218782660399
11013185,1.1847898805794863
13051031,0.45036215020378373
11040200,0.7380322070157851
13026491,0.3625410796755238
14012033,1.1455620878904984
12011674,1.1322295381696361
13101635,0.6630312068455456
12011827,0.8625475154203658
11027762,0.9373649545134944
13018556,0.6699101731447361
13031798,0.8122218782660399
13035218,0.20109721041690826
14028980,0.4068966989740899
13011831,0.28405850242974645
13033889,0.45656882948074956
13027965,0.6843304258471871
12023421,1.035448183995311
11044345,1.0355591252531167
14012370,0.6832008663653861
12011480,0.2374458821283662
11046290,0.7600333685373495
14023341,0.5056125281039859
11021175,0.6437380580949771
12005081,1.0991324332731538
12029886,1.1748931476027284
13041622,0.21369242177614092
13033153,0.6937044268075042
13049092,0.7957715555486905
11052299,0.8517296766699637
13017550,0.8975992208441158
13056847,0.4860361736604379
12019047,1.1374888313382225
13058814,0.7409966763185579
12020050,0.46070823589574134
13040963,0.8122218782660399
12025663,0.8560277271679277
13032431,0.2228904803085787
14017033,0.3840003021439808
11018136,1.0058441073322753
12012856,0.3543555919828571
11052000,0.5792051135522066
13019171,0.7011942471616308
12013071,0.6566474642974405
12011447,0.501577908286572
14013281,1.0610272999637256
12025475,0.7156429435218226
13051130,0.24407406631832604
13101025,1.1384292922966404
12015530,0.5554525100386334
13042266,0.9367642461846121
13005179,0.3896488316923936
13012511,1.2311869242444282
13048754,0.5496275945496996
12029049,1.1928794729146295
13011280,0.9785586384147869
12023771,0.8122218782660399
13042262,1.2406089291706932
12012773,0.48584080796236495
11051188,0.5149930705521986
13034390,0.8489972256533831
12008212,0.4548602304551553
11045255,1.344052350636415
11020653,0.8653885735271291
14013683,0.5196647945892361
12021113,1.3519263464189264
12009217,0.24303394493598932
14013349,0.6018035114801956
13050949,0.6870810164043689
14012673,0.5688504991852941
12012813,0.9797999640966691
12019054,0.5044349575515631
13051014,1.2000532952572924
14018913,0.26319910201165997
12016111,0.9060273187546312
13040146,1.2854400941512316
14021941,0.6616107949251251
12015685,1.1305317663702317
12008204,0.8808875360359121
11007167,0.7245727454187826
11047082,1.152482252009493
13050604,0.44262471481328614
11100629,0.8122218782660399
13027779,1.2259336415899311
13032584,0.7576733062875826
13059261,0.8643964558332233
13049879,0.4785241909472529
13034285,1.039886320919475
12016021,0.732031349393405
13026016,0.5536739295828081
13018018,0.5300176307908809
13011004,0.7642728966505202
14024026,1.1822820097116684
13042181,0.6534158226103213
12009163,0.9031448562591248
13042229,0.6710156905740624
13017369,0.9969353236462097
14023332,1.005512905545317
13050616,0.18457076433376324
13036325,1.232687732087466
12019113,0.2935840102984831
11045251,0.5417495391609779
13056185,0.3927015144498277
13002626,0.9667001422424225
11046580,0.7072646056663926
12016369,0.40932508682420665
13057051,1.1636282983028376
11033799,0.20066325419027606
14012889,1.1934794673242004
12008171,0.7696307724132005
12027424,0.9252222120756423
12027706,0.6572092812285248
14040532,1.0911857727400376
13049208,1.3716103729142228
13017358,1.3789791215060065
12023983,0.32287340669219355
13050974,0.82569749042415
11052964,0.574889767705714
13055873,1.09055382889934
12011911,0.8122218782660399
11026421,0.5114833224379884
13041590,0.6940057377270207
12007564,0.5258810164680827
12016117,0.45181672430681785
12024024,1.2755561194381047
13058247,0.5677304513174891
12008195,0.7793858500410557
11040804,0.8491534644934916
14018060,0.8122218782660399
11014783,1.0131923216911725
13019179,1.1078987806256928
11021057,1.120788558851554
13010499,0.4978101238527082
13041540,1.0903054512111188
14018751,0.9336387567989601
13025314,1.2940985226912463
14018321,0.8122218782660399
13100746,0.9738392754259618
12028256,0.5668595252434451
13018044,0.33937753535977383
13056265,0.8122218782660399
11033186,1.0347373492038088
13020308,0.7048833448206018
14007622,0.8294378964703883
13100956,0.8122218782660399
12021017,1.0152805341168425
13101705,0.5325571862803158
13100470,1.1233504941857888
13033884,0.4957023430614776
14033767,0.19426694647304588
12009170,0.8974428501819006
13042886,1.2487412086985954
14008403,0.15821197504336165
12020545,0.9664329666115935
14016630,0.39573414810063523
11019744,0.9138912349295043
12017450,1.3504537782424613
13036653,0.7552974929782513
13101175,0.8212599801785682
13012742,1.2838451462231415
13042847,0.5247631205051588
12100268,1.003671081511546
14018748,0.9220290944185817
11039034,1.0120362288956013
14034498,0.29755147118072095
11045872,0.22750349370315076
13035730,0.5470749930563388
12019977,1.1584071457712501
11100651,1.3279419945352184
11039609,1.0584894162573004
11051141,0.7077587312222647
12007466,0.7956819320830006
11006983,1.2044137762683444
11025863,0.7669266592932185
13011752,0.6555018055178796
12020639,0.9247083897902554
13025217,0.9416901264350945
13056093,0.7918541238781683
12028560,0.8950778577150915
13043521,1.130931740113163
12020704,0.4918994471873359
13042321,0.2472474015528738
13033220,0.5472894760685915
12024246,0.71902575447233
13041617,0.6976225651684158
12004580,0.9730044185797584
12024305,1.2138743348828944
13058120,1.1152026131887451
12015924,0.8683576814649577
13049158,1.2643151507072237
13049640,0.6758934776240993
11040275,0.6622691574741076
13064800,0.5075874886409534
13051577,1.2519901905398896
12009204,0.5058966197820384
13034938,0.7740401540817682
13018911,0.7116975807947102
11047369,0.9575745974899128
12028707,0.33429753710211585
11007803,0.20105383750017233
13003407,0.887743892535894
12009029,0.6659027920956765
11100783,0.4283417764873779
13058746,1.1371812266769987
13025060,0.6544535794396483
13040115,0.7588759813941632
14016670,0.7496461400048707
14039183,1.0225351933184061
11045624,1.0172279858922346
12020970,0.6316210990239529
11039127,0.2271391673809263
12019759,0.33675283877000095
14013109,0.7479223944863281
12025191,1.1604824634038464
12012479,0.3587654899083229
12005145,0.3258843123433078
13026087,0.5732163718882822
13009876,0.49842873467839544
12013243,0.8896779855487618
12025179,0.315180970535177
12004349,0.6355109934609738
12013032,0.5165232761138158
13101684,0.5741186182387575
11040034,1.112632757243012
13018540,1.0519530234263872
13033763,0.7847789644152448
14039651,0.9679504850084576
12020323,1.1236287365072375
11044555,0.6804636892733489
11039297,1.1592618243754182
13055460,0.5647277551234238
11045856,1.0273834880795631
13035899,0.9017802827276319
13012173,0.8198991175284949
13019136,0.36961512987407075
13026783,0.90537992426324
13017297,0.27597353777020994
11100402,0.9373831247235851
13034092,1.047685593879854
13035921,1.235608427170226
11050713,0.40234109881130076
12004413,0.8136404933466116
12028303,0.9625755289554399
13036116,0.9684107224261203
14012977,0.727566483380091
14023747,0.6089396817083287
13051177,0.26874760532421915
11045892,0.7760105844105495
11045200,0.2753926500737019
12020074,1.0579674012786868
11052945,1.0883797118421608
12016007,0.6389684232666631
11020260,0.4744981857511882
12004718,0.2987820013523899
11052261,0.516183876597215
11026375,0.7139984217729629
11027930,0.7711621300725039
13033574,0.6470746750566665
14023051,0.5506785603698096
14013845,0.6609679662660246
13005478,1.1469187909719671
11044005,0.33774830936414296
14100335,0.6548197621086309
11027862,0.7860747351377918
12012516,1.0029745652495787
13049583,0.2813414996402377
12016018,0.7518882681271267
12008443,0.3634269362128261
13041849,1.0370658504883938
13051068,0.5457284926859756
13044147,0.7840568008162833
13025531,0.347139773010206
14006367,1.1303280004187513
12023606,0.8845710217840155
13018015,0.44360875195214067
11051733,0.8122218782660399
13017893,0.94371349596656
14022815,1.1290914283292315
13101997,0.6634575625946613
12016305,0.9169131196168422
11024959,1.087044224154707
12021068,0.7341094567215327
12009396,0.417958606920644
14013542,0.7675696156919853
13063516,0.7087893409490065
12025209,0.550814108039066
11012866,0.6820878092296601
12024312,0.9198341688191952
12016919,0.2753643719466748
13035723,0.28342241694759657
13036633,0.674414070981958
13025570,1.151054106281604
11044046,0.36696269677829646
12100580,0.969821509463399
13042955,0.43417620246741323
14022958,0.9799649189775838
13039568,0.48880117756683655
12028967,1.1129174075930477
14011849,0.7752729746350826
12025594,0.3443614296492283
12007558,0.7494860763868517
13028726,0.45763216944670737
11039114,0.6230820432037273
13035176,1.1152285499900683
12007835,1.0495635952088131
11047639,0.39404810856429917
13035322,0.8122746175060086
13033872,0.6464649784089394
12029391,1.063983388769798
13027414,0.9053521167969051
13019122,1.1145470654005623
12024666,1.1532543424480666
13017910,1.1091103607817054
12016346,0.40328925923988
14013673,0.6833300977010219
12016725,0.3235218741956994
12008840,0.36891909795299205
13049384,0.8122218782660399
14017554,0.4575760373990065
11033355,1.1584630088032708
12020795,0.8122218782660399
12020411,0.5412145944291159
13026034,1.1228604701068563
11008124,0.7270565310233195
13012923,0.7951536015973094
13011173,0.723491908438079
13027512,0.7064836822023999
13027506,0.32687644479499234
14039546,0.8538888659485748
12008819,1.1451738365720665
12019453,1.1681896909171654
13036529,0.4733510069696211
12024401,1.078758596616774
12005807,0.6081547255570499
11050874,0.38138206349743176
12025366,0.6795373315200817
13009874,1.0413108435407403
11045172,0.5255715058218189
13019733,0.7749859883596963
13032167,1.0288960804062515
13005291,1.3014402597315105
14024236,0.8122218782660399
12023720,0.3565110779976468
13017070,1.1954922007988686
13041788,1.2604565748155303
13004618,0.8344861291365261
11033821,0.3952537537614423
14017734,1.2173367051961717
13058149,0.4138013700945581
13064585,0.39418157001030235
